-- MySQL dump 10.13  Distrib 8.0.32, for Win64 (x86_64)
--
-- Host: localhost    Database: academy
-- ------------------------------------------------------
-- Server version	8.0.32

/*!40101 SET @OLD_CHARACTER_SET_CLIENT=@@CHARACTER_SET_CLIENT */;
/*!40101 SET @OLD_CHARACTER_SET_RESULTS=@@CHARACTER_SET_RESULTS */;
/*!40101 SET @OLD_COLLATION_CONNECTION=@@COLLATION_CONNECTION */;
/*!50503 SET NAMES utf8 */;
/*!40103 SET @OLD_TIME_ZONE=@@TIME_ZONE */;
/*!40103 SET TIME_ZONE='+00:00' */;
/*!40014 SET @OLD_UNIQUE_CHECKS=@@UNIQUE_CHECKS, UNIQUE_CHECKS=0 */;
/*!40014 SET @OLD_FOREIGN_KEY_CHECKS=@@FOREIGN_KEY_CHECKS, FOREIGN_KEY_CHECKS=0 */;
/*!40101 SET @OLD_SQL_MODE=@@SQL_MODE, SQL_MODE='NO_AUTO_VALUE_ON_ZERO' */;
/*!40111 SET @OLD_SQL_NOTES=@@SQL_NOTES, SQL_NOTES=0 */;

--
-- Table structure for table `curso`
--

DROP TABLE IF EXISTS `curso`;
/*!40101 SET @saved_cs_client     = @@character_set_client */;
/*!50503 SET character_set_client = utf8mb4 */;
CREATE TABLE `curso` (
  `codigo` int NOT NULL,
  `nombre` varchar(255) DEFAULT NULL,
  `tutor` int DEFAULT NULL,
  PRIMARY KEY (`codigo`),
  KEY `FKo9q1qe24yu6h7f28k4fvh3xmb` (`tutor`),
  CONSTRAINT `FKo9q1qe24yu6h7f28k4fvh3xmb` FOREIGN KEY (`tutor`) REFERENCES `usuario` (`codigo`)
) ENGINE=InnoDB DEFAULT CHARSET=utf8mb4 COLLATE=utf8mb4_0900_ai_ci;
/*!40101 SET character_set_client = @saved_cs_client */;

--
-- Dumping data for table `curso`
--

LOCK TABLES `curso` WRITE;
/*!40000 ALTER TABLE `curso` DISABLE KEYS */;
INSERT INTO `curso` VALUES (5,'Desarrollo de Aplicaciones Web',4),(6,'Desarrollo de Aplicaciones Multiplataforma',NULL),(7,'Administración de Sistemas Informáticos en Red',27),(8,'1º Bachillerato',NULL),(9,'2º Bachillerato',NULL),(10,'4º ESO',NULL),(11,'3º ESO',NULL);
/*!40000 ALTER TABLE `curso` ENABLE KEYS */;
UNLOCK TABLES;

--
-- Table structure for table `estudiantemodulo`
--

DROP TABLE IF EXISTS `estudiantemodulo`;
/*!40101 SET @saved_cs_client     = @@character_set_client */;
/*!50503 SET character_set_client = utf8mb4 */;
CREATE TABLE `estudiantemodulo` (
  `estudiante_codigo` int NOT NULL,
  `modulo_codigo` int NOT NULL,
  `primEv` float NOT NULL,
  `segunEv` float NOT NULL,
  `tercEv` float NOT NULL,
  PRIMARY KEY (`estudiante_codigo`,`modulo_codigo`),
  KEY `FK716fmwx6cdbxhlhlegooka11f` (`modulo_codigo`),
  CONSTRAINT `FK716fmwx6cdbxhlhlegooka11f` FOREIGN KEY (`modulo_codigo`) REFERENCES `modulo` (`codigo`),
  CONSTRAINT `FKs4bbwropwabxt8llvc7ajkhj1` FOREIGN KEY (`estudiante_codigo`) REFERENCES `usuario` (`codigo`)
) ENGINE=InnoDB DEFAULT CHARSET=utf8mb4 COLLATE=utf8mb4_0900_ai_ci;
/*!40101 SET character_set_client = @saved_cs_client */;

--
-- Dumping data for table `estudiantemodulo`
--

LOCK TABLES `estudiantemodulo` WRITE;
/*!40000 ALTER TABLE `estudiantemodulo` DISABLE KEYS */;
INSERT INTO `estudiantemodulo` VALUES (2,12,3,7,5),(2,13,0,0,0),(2,16,0,0,0),(24,13,0,0,0),(24,15,0,0,0),(25,12,8,9.3,6.5),(25,15,0,0,0),(26,12,0,0,0),(26,16,0,0,0);
/*!40000 ALTER TABLE `estudiantemodulo` ENABLE KEYS */;
UNLOCK TABLES;

--
-- Table structure for table `hibernate_sequence`
--

DROP TABLE IF EXISTS `hibernate_sequence`;
/*!40101 SET @saved_cs_client     = @@character_set_client */;
/*!50503 SET character_set_client = utf8mb4 */;
CREATE TABLE `hibernate_sequence` (
  `next_val` bigint DEFAULT NULL
) ENGINE=InnoDB DEFAULT CHARSET=utf8mb4 COLLATE=utf8mb4_0900_ai_ci;
/*!40101 SET character_set_client = @saved_cs_client */;

--
-- Dumping data for table `hibernate_sequence`
--

LOCK TABLES `hibernate_sequence` WRITE;
/*!40000 ALTER TABLE `hibernate_sequence` DISABLE KEYS */;
INSERT INTO `hibernate_sequence` VALUES (1),(29);
/*!40000 ALTER TABLE `hibernate_sequence` ENABLE KEYS */;
UNLOCK TABLES;

--
-- Table structure for table `modulo`
--

DROP TABLE IF EXISTS `modulo`;
/*!40101 SET @saved_cs_client     = @@character_set_client */;
/*!50503 SET character_set_client = utf8mb4 */;
CREATE TABLE `modulo` (
  `codigo` int NOT NULL,
  `nombre` varchar(255) DEFAULT NULL,
  `curso` int DEFAULT NULL,
  `docente` int DEFAULT NULL,
  PRIMARY KEY (`codigo`),
  KEY `FKakhfh3bj3esc9qqw1ryvruqug` (`curso`),
  KEY `FKp2swh73w9slla92foc5t12iax` (`docente`),
  CONSTRAINT `FKakhfh3bj3esc9qqw1ryvruqug` FOREIGN KEY (`curso`) REFERENCES `curso` (`codigo`),
  CONSTRAINT `FKp2swh73w9slla92foc5t12iax` FOREIGN KEY (`docente`) REFERENCES `usuario` (`codigo`)
) ENGINE=InnoDB DEFAULT CHARSET=utf8mb4 COLLATE=utf8mb4_0900_ai_ci;
/*!40101 SET character_set_client = @saved_cs_client */;

--
-- Dumping data for table `modulo`
--

LOCK TABLES `modulo` WRITE;
/*!40000 ALTER TABLE `modulo` DISABLE KEYS */;
INSERT INTO `modulo` VALUES (12,'Programacion',5,27),(13,'Sistemas Informaticos',5,28),(14,'Desarrollo Web en Entorno Servidor',5,4),(15,'Desarrollo Web en Entorno Cliente',5,28),(16,'Lenguaje de Marcas',5,4),(17,'Bases de Datos',5,NULL),(18,'Sistemas Informaticos',6,NULL),(19,'Programacion',6,NULL),(20,'Lenguaje de Marcas',6,NULL),(21,'Matemáticas',8,NULL),(22,'Lengua y Literatura',8,NULL),(23,'Historia de España',8,NULL);
/*!40000 ALTER TABLE `modulo` ENABLE KEYS */;
UNLOCK TABLES;

--
-- Table structure for table `permiso`
--

DROP TABLE IF EXISTS `permiso`;
/*!40101 SET @saved_cs_client     = @@character_set_client */;
/*!50503 SET character_set_client = utf8mb4 */;
CREATE TABLE `permiso` (
  `codigo` varchar(255) NOT NULL,
  `nombre` varchar(255) DEFAULT NULL,
  PRIMARY KEY (`codigo`)
) ENGINE=InnoDB DEFAULT CHARSET=utf8mb4 COLLATE=utf8mb4_0900_ai_ci;
/*!40101 SET character_set_client = @saved_cs_client */;

--
-- Dumping data for table `permiso`
--

LOCK TABLES `permiso` WRITE;
/*!40000 ALTER TABLE `permiso` DISABLE KEYS */;
INSERT INTO `permiso` VALUES ('ADMIN','ADMIN'),('DOCENTE','DOCENTE'),('ESTUDIANTE','ESTUDIANTE'),('TUTOR','TUTOR');
/*!40000 ALTER TABLE `permiso` ENABLE KEYS */;
UNLOCK TABLES;

--
-- Table structure for table `user_permission`
--

DROP TABLE IF EXISTS `user_permission`;
/*!40101 SET @saved_cs_client     = @@character_set_client */;
/*!50503 SET character_set_client = utf8mb4 */;
CREATE TABLE `user_permission` (
  `Usuario_codigo` int NOT NULL,
  `Permiso_codigo` varchar(255) NOT NULL,
  KEY `FKlvwpvmgqi7w7v9vdcb4o8ns35` (`Permiso_codigo`),
  KEY `FKoqamr50nakyqgfak5qi1oaxm2` (`Usuario_codigo`),
  CONSTRAINT `FKlvwpvmgqi7w7v9vdcb4o8ns35` FOREIGN KEY (`Permiso_codigo`) REFERENCES `permiso` (`codigo`),
  CONSTRAINT `FKoqamr50nakyqgfak5qi1oaxm2` FOREIGN KEY (`Usuario_codigo`) REFERENCES `usuario` (`codigo`)
) ENGINE=InnoDB DEFAULT CHARSET=utf8mb4 COLLATE=utf8mb4_0900_ai_ci;
/*!40101 SET character_set_client = @saved_cs_client */;

--
-- Dumping data for table `user_permission`
--

LOCK TABLES `user_permission` WRITE;
/*!40000 ALTER TABLE `user_permission` DISABLE KEYS */;
INSERT INTO `user_permission` VALUES (1,'ADMIN'),(2,'ESTUDIANTE'),(24,'ESTUDIANTE'),(25,'ESTUDIANTE'),(26,'ESTUDIANTE'),(28,'DOCENTE'),(4,'DOCENTE'),(4,'TUTOR'),(27,'DOCENTE'),(27,'TUTOR');
/*!40000 ALTER TABLE `user_permission` ENABLE KEYS */;
UNLOCK TABLES;

--
-- Table structure for table `usuario`
--

DROP TABLE IF EXISTS `usuario`;
/*!40101 SET @saved_cs_client     = @@character_set_client */;
/*!50503 SET character_set_client = utf8mb4 */;
CREATE TABLE `usuario` (
  `tipo_usuario` varchar(31) NOT NULL,
  `codigo` int NOT NULL,
  `apellidos` varchar(255) DEFAULT NULL,
  `dni` varchar(9) DEFAULT NULL,
  `email` varchar(255) DEFAULT NULL,
  `fechaNacimiento` datetime(6) DEFAULT NULL,
  `foto` longblob,
  `nombre` varchar(255) DEFAULT NULL,
  `password` varchar(255) DEFAULT NULL,
  `sexo` varchar(255) DEFAULT NULL,
  `telefono` bigint DEFAULT NULL,
  `username` varchar(255) DEFAULT NULL,
  PRIMARY KEY (`codigo`),
  UNIQUE KEY `UK_7j3a9k87df81ualfh3cym0u5l` (`dni`)
) ENGINE=InnoDB DEFAULT CHARSET=utf8mb4 COLLATE=utf8mb4_0900_ai_ci;
/*!40101 SET character_set_client = @saved_cs_client */;

--
-- Dumping data for table `usuario`
--

LOCK TABLES `usuario` WRITE;
/*!40000 ALTER TABLE `usuario` DISABLE KEYS */;
INSERT INTO `usuario` VALUES ('Usuario',1,NULL,NULL,NULL,NULL,NULL,NULL,'{bcrypt}$2a$10$slZjoS0mS440VEkjgE0SluFdecgTE99uYD7On3z6MySfWuxdz2D5K',NULL,NULL,'admin'),('Estudiante',2,'Femenía Vázquez','25434566K','miguelangel2000pokel@gmail.com','2023-06-08 00:00:00.000000',_binary 'RIFF%\0\0WEBPVP8 %\0\0P\\0*\X>Q(F#\"Rp\n	gn4\@\\\\y5#o\;`y\\'\bE\\\GW\_P_\\\c\~\\/\P\\~|3c\o\\\\?\\\\/\_\{f<\\O(w\_\{_\z)ܮpOG/W_\\\?m?`鿬P\\\W\\_\\\9}ݷ7,}{\\/p^\{\\/p^\{\\/p^ཿE|/p^\{%X\\>\20kB/3(<\"\\\!C0}\\\\\\u\f3\S\\*\\\1M>\׌̒y3f\\\\\prhLl40[߽\n\\IZ\\b\w\\\\ɠaR\ZG\\dY\\E\Zj\ԟbk\\Q\/߸뻆\<b\$\^<<?7Le㫐20W\\q7\\\\z|Mxu\h\BO\j\nu^?_1\0\\x\T$+X\\}\\\[C\-\jep\0\fڑ\b\'\_DCWT\}A\&\I;t5E\=\!\$U\"\'\Ù1\\\\:l,90$o[J\?\~s:)ά\0wm\'-:\\u}Nw\Ůe\\\n\d.[\"JI\0b\\X\\t\V7?\u\\\e>+T*\2Z\h\x\\\r<\ff\\\$֠C0yy`,/o#J\,~DΑ\&\r\\\")#at\ӇCRu~i<_L\\g\1n/\m+&\zAwFu*\e(g&\[\X륊|\\[\OC/\\{NG;,\~,BYPȲ9ma|Iύ\\\LY~\0\w\3_t\\\|˰96.ζ`b\,aq\\f8\ִVal\Z|q^8o\{OZOC0(D|\\Ce;\g=\V5h-\0V\D\\q>&`\Y*d\/e\82,y\\\æ\o\\\&L\_B`\0!^\\j3\fc,\%6H`[h\\5\\0;j(\Jy\nMFu~w\\S\fyS>\׋w\/u\\\\\\r5db\_Of%\\4L?V\#\{S\\'\0\!Z߈\B4gmgAi@(-\j\̂;7\ \kW\Ic/_@\".ѽE`\[2\B\w|D# {y|\t\'*B9@fo\~r!(\r^\HucƓrEE\EuL9\\\t\Y3 wP\\\\\\C;ξ\\\$ 1\\\/pbp\\rp	F~QX\IgQ,\h\3jv\\\H0\*zQ׼D:ys^;~v a\씤j ,~~+DD\\zUx2O*\Կ}{\\n\\\\{e\r\\pw3bߥ\ib\\/p^\\]C0a\3f\!C0a\3f\!C0a\3f\!\0\0\0\0\0\0\0\@B3\@ =@\0QV\/63$4\W\\^̾-+j\\D\*\n\o\\P6!%2\uh\oi`!|	aK[raj\R\~\\S$y\c,7i.\\o2\45W#\0\I\&,\"hxI\oC\W	\\ٮR3^\Q\\Z)a\\g5\\0\n\\ɘi\rP8\g\w#\~>00\6[z;)b\lGt\Fh_CgS߁,]QFF\<k\n\t\>?|\.pρT|\iI\0	3ҍG\n\Z|B	6N\7ti%\\K9\	 s\r\'\R\¾M\ۉ<\m\\\]r.\\\'%\\\\Ugsr\\ڽ\Q\aO^>ȍ@ǡ8n@t\Zh\*[\!yY\Y\7\8	\̃|\\{mNR\'@δg%e\N7SG pPS/\\(li\\wqS\0e;1\\%\\\\KeQ<C\'\\o\Qzr돠\\Y6,ko8$S8.V:kn\wq\np9ģX\#\_b\\0rQtAAcA{\\r\\j*\5NyEu}+\L\aۉ}om\>؆\я[BMcz٤u+m\3àL\XB\oM\ݰJ@h˫{;O\oR4(3i0\w]OvdIc\\\ y\\?\\\\ZL\\0wpv[O\:`x̼Snio(\Ȧ\d`_\pπ1K!DPP\2)\\\Z\\nVz<0W0ߨ4\\\\\L\PDp:WE4:(O}Yǫ[տLNJ0St*F(،\1\\'\b{ݧ&+g\CPwt]\\"jO\\0\\XP\f\Z\`\\ɝ\\]\n\ZF4CcIqf73wٙ~n8\$ī5>f>@\w\X\݆TP90\\\pY\ْ\	\)Y\\\,5u\Z\V^d`ؽ\I9\/Nl;>>suy\6+S-\IYHKg_[o\؝@\\?&:S\\\0/;:\0\@;Z&\\,s8\55\z\;QIoahj\f\\X,{fw\\3X\b\fP\\Z\})yuKV\\ڥ~Fn\'+)\|]\ 붔\PSb\\~`\uȎ\>Jҋ\B>Kyjo\b\V(!&\ן<^!	^\R1\nc$	q{ь[mo\\ר\\rr	j\V[(ëe&\\P~\\C$ZNGg\\1\\Yw\U\j\\q9@\loK@Xo\Ry؈N%\\l\\\d\鯟p\ͨœ\(	ۄYm|Nۢ\\5E\ZtϨMVp.7k\\\)\'s˰3=¬t\U6\$y\\ٽcԷ\r=Bw˜>X9,n]?$ӖS\n\"f2ewv[\8{\rR\\^FuѪ\\ԟYRv\"\\\Fkw)>{\5\\+ބfK6\h}\CP\W\0\'	\i\8b-\v\"	Bwr>}+\r3\8^hi\'\nj\\\\6\ZNih9_P\\\\8\b\!u\ȼ\ Ɨ\dneqōĮOE>\0i\}\wY\)\\FB\8t\\=w&:Lr5\y\wxK$:޺;^9\ZVni~6aWt\0,\\;w]צ\\K8+y+\Sy\\\č6ZOpixֽ)bFt\u\\\}b°0kyH\MK䵧ѕ\\\S\\a\'ӯN6\\E/X\/|\<P\)4:Q1\\\\n#\>\6%f(\n|X\+\y\w\KH57+4\\\ٯ\z\nյ\Hr\")\1XZ9I\\In\@-Ւ\n?]\H4`\7(\8Kp\cVIp\k]-D\x7&3\-He$|\`\#3Е}TBa\\ҟۂ\\\o\ӧ\\C3_\\x	k<_N\nM\巻^hpuq\ؼ+!S)sG5kC\W_e/X\\'Jc\]\RpHj?r|j)ù\jEƄ܏dUIn\>>-uʢ\\78\n\\\\Qvf\g~yX\8Y/CH\6QпϰtL:6(=#D\n\\4Ne\\w%\B\R}ڶ\Om\}\f\\)\+,򇳃\^KҦ!t\ZW\\wvP\e|\\0\\3R}={84)o:$~F`ꌠ*\\e0{Z\޷\{p\1Z\lp=\";JcB0Udݺ\|\\\-%\\0U\5ć܄\aW\\\~(=\oζI.\)\le1!\\r r\ؑ)k.r	xpy劙û\\JtA\\{\D\\h)\ps$>\z\Z}$~M\\\>\\\ fzJ|:J\8;G͠K*\t&X\'\1gcM>\kJ\\"Jbe_[\\\\G\rS\r&FN7z\83B5໿CbM\\ɍ\\w~\\I\\f\\\\\|N`T+Lm\\~\K~^ʓ\E\\\0&\OW\Da|^k|c]\mN\uy?\{\\Wz\L5,j\sN\9\<\q\D\lB<l\ |HxW=g\rدKL7m-\\w}SD\+<A\Zdcg\^OV|\]}\әŰf?=wLR\Z>X*=%\ hʉZ˥\?Y0-\Z߭\<@N\PLan\\0Δ5\0\'U\'s\/\b\\QrF\.Q:H	>Hr\'UqxlGI\nSѧ+\\q\wv\\\\\k@MֵLKdmg\\[\0\\\.]vZ=@o{9\$\BA\!\n{Hk#G\83/\z\j\pC\\	\\\5\{<\qʙ2E\\\`W[Z	\'[N#抈~&\*biN\l&\ \\18>N\Rŉ\12>\_è\'\nG/BX}\9A\\\\ܨR!E8\;ke9b[&cܱ\g\\n\3/(e1\#\ؙb/\FƐͳ\0(\jj\YyJY\)~ӛ\r\\>#G\y\$o7r\K̪f\n2ꉠ\g\7}Ll=?}/i	?&?\Ew@Q7\*Vݪ3\[llH\ghs\0i+ɦ&\]̚y\A\n=_ԓ\2nb3\fx0\J\$\0N@\uh\\\18$\-\8S6\tyr0\VU\e\@Q)\0#eƎ\S{=ͻ	#Ζ3Q4}\\\\wu`\F\C\\n\ŵ2\Z<[\)}W\\6\=c?7\9\\l&\ϔ\\5W\u\\\Ii+w`3ץh\r%\<\r\\ޝ\{,M\\\נ|\SX\\\',\\\!+y\0N\\\`#\n2˜\\Cau\|발))\Z\mdc{S	R\\\(3z\]\T\Z5\2\\\ne\Z%V1~\\r=x)!\:WXA{xI\0Z\p\5G4\m\\Z\eS\\@Z|T\\ս\\R`l/Bð΀UE䐋\\nW.\A\Cc3_;\`#\\\mG\Lzc\'Re=z.\+ա\"\Z1N3 \\ȼ\N&M\>-%\B=d\\)\`mioi\H=l\rvrm$\\)ݙ\؈\\ @M\z%4\06\PO\\g\nd7[\x;!\gB{#דJ\\\\\5jPD\rWQ[_й@994{\j7\\;@$G\i\M1j\r\'a\\"4\ZnCW|\'&\\\{h(.8\4me[(Iy\&l\m\\r̀\\۾\ks\\_\\)k[r\9\"+W\r\\{ \"`g8*ba7RZ\\-y\R\\-G\\Z\\rW[O&JV㦻Jv\֞^w\UBݎc&\|te\y\\#ҺZ\\\Dk<\\\0\;\\	\"ΏJ^o\B	`R\b\7\*0Z\\2\\`互I=R\\)\u;\io#\Z\\.tN\>7\>M\n,I\\\`\'Q\\VHSrc%	\\%Q~\smG\\~\*`\J<=\\5\/\\\OS\\\@\ \#&H\m;\\홟\p\\iR|^?:n&\r\cÿ\~Fji$Ba<>c\WC\Z{>#\"p*$1m穛i\!}wƦ~j\e\'\;\4`ʓҷ(vG\\BEJY\\0\"5\\z}۔߈px\x̓1U\'\ m>.(1\9\lپپ;8&3	}4\,+zؓ\M\IEPDK\\\bx*\׈\z_ƞCBmAuN)&؏J\ݏ\Zlk9/K&ёrU$	8ȝw=x\ZW\]tm\.@XXc00	ŷb0\\4\`	\Ď7O9t\\lObX\"\Hx\\u\\\0hW\"_\\~N=/wrǟLL\\^\\Έ%a2ֳ恤8\\n\φE<SEfm0-7O6C\\c1%8+T\\!\g|\':*]mm\rk-jLj8؀w>}TS-\p\\V\*N.\\g\ٞ>\p\v\\)\\\9Lө\=i0zUtKHV/ѽ)	xHR#\\\\j\\ќlpy\\Q#g!\\Zw_\o\\۔\$\-Ynjv-xӺ\\l\{+\#lM.\Fqő\(\G\nǭa7NxJ\{q|\0\W=@4\\nﺚF\I}	AVw	\m\bEN\\{\͖\\ސ\\Q\m\M{H\P6L*k*;g#\STw\Jh,`\\\\Z|\IC@c+{a]1q^\O\eFGg)\q5|SnH\\\P٫j]9\\4\n(4R8J\nڅ\;\\\yWƘak\nf\n\\\\^S	e:\"@\fGu\jzD\'j)\\nߐPB\널^)^5{9\@+1\n\-\\\\)?ّeڀd\1\Lw[]\\\rd#vua4\";dd\\H@E^ozw۩w[\r\\#rI),\d\s\/x/\`\\neDh\+z^t\m\3\\\\f\<G\\\\9![˖\\QR#ԡ\\\rVl\\~]/_ mN@\\O6Z\\c߹V\t*\,쌔lqLijkG@R\l~\\)bGyAj}bf7;Wōrqn\\cT\0Qr#ggN+!f\|PͿ3\\'Mh_I\ƹߴYm=8Kǒq\%&p\\\yCt\-ZE=\eHbW9矩\yqw\r䱾I\Z\\POd/ߦ\-\^K\K\W\\\굯/jr쮤\A\4\`Ϡ+V\tP\+gJ\\SA;\\y#\=$fz\g\>MDh\osn\\\OU\\'4]=Cw\\`K\U*z?\r\eL!S[ۘf0`\~SPt[5I!\*\\b\\<[\5q\56DkNS듯\[0\\\\͂N[-.8FjS@-4ӿ\"\\Z\dA.+.8-\<rws=DV<>3ʊN\ـkιĆ=6\\\\ \"c?\Ҟ\\Rk\Pi\\v70sz\Qf\垕z0?\!\ˏ)Y*4ӤF\\ms=&8ӆ{2\r\\MbQsvFm?|׷-Zѵđ7#`\\r!\OX^:8t\Z\\U\QaȻ}P~\`.\\\Ry}\Czy\\n#5E57LwaW\\+ \\Kr\\cĚ{\.\E.R\,\\\0\\\hdyJ{:\q{\]}\YZ\)\֊Q7]/T#\AB\,\4\"\b@?7[ta\\\"h^!ש/\U&\=1;xeɡ;V\,\{\xҥ\r\"{O\\\A|W\	B\r\机\Z\\nn@$\\\i\\\!py8CͰ4\n\R(\׺r\\C=K~f\"\ZF>\1љir0s\jڟ\=(U\0;r\"+\Z(c܍eV\\*)\"%VQ9Idt2^X\\ ]d\6T\0S܃k\.[,D~BtV\E֍\Aƶl\u\0\\в-n\\}\\]e#lgaE+u_~KIq\%5F\\fJI~\^\\FAZ\Z{\\\^\8{9j\'\\_B=U%	=n\3<c\'D\=,>	b*Ѵ3&\\n\\\Ncwܓ:\\$\\\\\w\%9uD\[rz;5b3*I\?7)\O*	\78[eYkd\B2=\we:\'\Q#\\'S\6zo\):,5\cǲ=¸3\\\\n\\\H\a0\ss{\\\=T\!wT檺My\n~T\ע0k\Π\XN4\\aѳS\%$aBF\+\\[`Ǣ,>&e(1\hAKt\C{5+kh*x\n̂\YlE-\ո\+\'&\\@Z׋\|A\ZQ	VA\\ɰsO\>_;\\\\z\!+\%\\|\0Mݓ3\\,x\?˒\n\\Z?P)ȡb\=\/Oa_[\r;\N \g;\u-24\EJ{\/6\\\\|̬Qy\V/	\#0P}̒\\\ru7@\=/+F/ת\Z4T\>\"nZ\Rp{0Qԑ\_\)@\\6o[\\dk=RĴt\/]\\\\hN!\rP]| 9f\\5JpGjAft\\(\\=\\F79j:s#.\0\\ы#I~Wv,?!,Jx\r00\S|ܓ\XķI\0	\\|\Ul\\\*?5Ĝp\(K%\v\e3HJDZ;\)0q\\0j\L^:OFR~[/v\\0\0\0\0\0\0\0\0\0\0\0\0\0','Miguel Ángel','{bcrypt}$2a$10$.eswYiVYEzrdumkTLkO52enFiqM/y4CdqAFOuLbqnKQzEZqF.Wuey','Hombre',617829222,'MigFem566'),('Docente',4,'Lopez Sanchez','25434566J','emailfalso@gmail.com','2023-06-17 00:00:00.000000',_binary 'RIFF%\0\0WEBPVP8 %\0\0P\\0*\X>Q(F#\"Rp\n	gn4\@\\\\y5#o\;`y\\'\bE\\\GW\_P_\\\c\~\\/\P\\~|3c\o\\\\?\\\\/\_\{f<\\O(w\_\{_\z)ܮpOG/W_\\\?m?`鿬P\\\W\\_\\\9}ݷ7,}{\\/p^\{\\/p^\{\\/p^ཿE|/p^\{%X\\>\20kB/3(<\"\\\!C0}\\\\\\u\f3\S\\*\\\1M>\׌̒y3f\\\\\prhLl40[߽\n\\IZ\\b\w\\\\ɠaR\ZG\\dY\\E\Zj\ԟbk\\Q\/߸뻆\<b\$\^<<?7Le㫐20W\\q7\\\\z|Mxu\h\BO\j\nu^?_1\0\\x\T$+X\\}\\\[C\-\jep\0\fڑ\b\'\_DCWT\}A\&\I;t5E\=\!\$U\"\'\Ù1\\\\:l,90$o[J\?\~s:)ά\0wm\'-:\\u}Nw\Ůe\\\n\d.[\"JI\0b\\X\\t\V7?\u\\\e>+T*\2Z\h\x\\\r<\ff\\\$֠C0yy`,/o#J\,~DΑ\&\r\\\")#at\ӇCRu~i<_L\\g\1n/\m+&\zAwFu*\e(g&\[\X륊|\\[\OC/\\{NG;,\~,BYPȲ9ma|Iύ\\\LY~\0\w\3_t\\\|˰96.ζ`b\,aq\\f8\ִVal\Z|q^8o\{OZOC0(D|\\Ce;\g=\V5h-\0V\D\\q>&`\Y*d\/e\82,y\\\æ\o\\\&L\_B`\0!^\\j3\fc,\%6H`[h\\5\\0;j(\Jy\nMFu~w\\S\fyS>\׋w\/u\\\\\\r5db\_Of%\\4L?V\#\{S\\'\0\!Z߈\B4gmgAi@(-\j\̂;7\ \kW\Ic/_@\".ѽE`\[2\B\w|D# {y|\t\'*B9@fo\~r!(\r^\HucƓrEE\EuL9\\\t\Y3 wP\\\\\\C;ξ\\\$ 1\\\/pbp\\rp	F~QX\IgQ,\h\3jv\\\H0\*zQ׼D:ys^;~v a\씤j ,~~+DD\\zUx2O*\Կ}{\\n\\\\{e\r\\pw3bߥ\ib\\/p^\\]C0a\3f\!C0a\3f\!C0a\3f\!\0\0\0\0\0\0\0\@B3\@ =@\0QV\/63$4\W\\^̾-+j\\D\*\n\o\\P6!%2\uh\oi`!|	aK[raj\R\~\\S$y\c,7i.\\o2\45W#\0\I\&,\"hxI\oC\W	\\ٮR3^\Q\\Z)a\\g5\\0\n\\ɘi\rP8\g\w#\~>00\6[z;)b\lGt\Fh_CgS߁,]QFF\<k\n\t\>?|\.pρT|\iI\0	3ҍG\n\Z|B	6N\7ti%\\K9\	 s\r\'\R\¾M\ۉ<\m\\\]r.\\\'%\\\\Ugsr\\ڽ\Q\aO^>ȍ@ǡ8n@t\Zh\*[\!yY\Y\7\8	\̃|\\{mNR\'@δg%e\N7SG pPS/\\(li\\wqS\0e;1\\%\\\\KeQ<C\'\\o\Qzr돠\\Y6,ko8$S8.V:kn\wq\np9ģX\#\_b\\0rQtAAcA{\\r\\j*\5NyEu}+\L\aۉ}om\>؆\я[BMcz٤u+m\3àL\XB\oM\ݰJ@h˫{;O\oR4(3i0\w]OvdIc\\\ y\\?\\\\ZL\\0wpv[O\:`x̼Snio(\Ȧ\d`_\pπ1K!DPP\2)\\\Z\\nVz<0W0ߨ4\\\\\L\PDp:WE4:(O}Yǫ[տLNJ0St*F(،\1\\'\b{ݧ&+g\CPwt]\\"jO\\0\\XP\f\Z\`\\ɝ\\]\n\ZF4CcIqf73wٙ~n8\$ī5>f>@\w\X\݆TP90\\\pY\ْ\	\)Y\\\,5u\Z\V^d`ؽ\I9\/Nl;>>suy\6+S-\IYHKg_[o\؝@\\?&:S\\\0/;:\0\@;Z&\\,s8\55\z\;QIoahj\f\\X,{fw\\3X\b\fP\\Z\})yuKV\\ڥ~Fn\'+)\|]\ 붔\PSb\\~`\uȎ\>Jҋ\B>Kyjo\b\V(!&\ן<^!	^\R1\nc$	q{ь[mo\\ר\\rr	j\V[(ëe&\\P~\\C$ZNGg\\1\\Yw\U\j\\q9@\loK@Xo\Ry؈N%\\l\\\d\鯟p\ͨœ\(	ۄYm|Nۢ\\5E\ZtϨMVp.7k\\\)\'s˰3=¬t\U6\$y\\ٽcԷ\r=Bw˜>X9,n]?$ӖS\n\"f2ewv[\8{\rR\\^FuѪ\\ԟYRv\"\\\Fkw)>{\5\\+ބfK6\h}\CP\W\0\'	\i\8b-\v\"	Bwr>}+\r3\8^hi\'\nj\\\\6\ZNih9_P\\\\8\b\!u\ȼ\ Ɨ\dneqōĮOE>\0i\}\wY\)\\FB\8t\\=w&:Lr5\y\wxK$:޺;^9\ZVni~6aWt\0,\\;w]צ\\K8+y+\Sy\\\č6ZOpixֽ)bFt\u\\\}b°0kyH\MK䵧ѕ\\\S\\a\'ӯN6\\E/X\/|\<P\)4:Q1\\\\n#\>\6%f(\n|X\+\y\w\KH57+4\\\ٯ\z\nյ\Hr\")\1XZ9I\\In\@-Ւ\n?]\H4`\7(\8Kp\cVIp\k]-D\x7&3\-He$|\`\#3Е}TBa\\ҟۂ\\\o\ӧ\\C3_\\x	k<_N\nM\巻^hpuq\ؼ+!S)sG5kC\W_e/X\\'Jc\]\RpHj?r|j)ù\jEƄ܏dUIn\>>-uʢ\\78\n\\\\Qvf\g~yX\8Y/CH\6QпϰtL:6(=#D\n\\4Ne\\w%\B\R}ڶ\Om\}\f\\)\+,򇳃\^KҦ!t\ZW\\wvP\e|\\0\\3R}={84)o:$~F`ꌠ*\\e0{Z\޷\{p\1Z\lp=\";JcB0Udݺ\|\\\-%\\0U\5ć܄\aW\\\~(=\oζI.\)\le1!\\r r\ؑ)k.r	xpy劙û\\JtA\\{\D\\h)\ps$>\z\Z}$~M\\\>\\\ fzJ|:J\8;G͠K*\t&X\'\1gcM>\kJ\\"Jbe_[\\\\G\rS\r&FN7z\83B5໿CbM\\ɍ\\w~\\I\\f\\\\\|N`T+Lm\\~\K~^ʓ\E\\\0&\OW\Da|^k|c]\mN\uy?\{\\Wz\L5,j\sN\9\<\q\D\lB<l\ |HxW=g\rدKL7m-\\w}SD\+<A\Zdcg\^OV|\]}\әŰf?=wLR\Z>X*=%\ hʉZ˥\?Y0-\Z߭\<@N\PLan\\0Δ5\0\'U\'s\/\b\\QrF\.Q:H	>Hr\'UqxlGI\nSѧ+\\q\wv\\\\\k@MֵLKdmg\\[\0\\\.]vZ=@o{9\$\BA\!\n{Hk#G\83/\z\j\pC\\	\\\5\{<\qʙ2E\\\`W[Z	\'[N#抈~&\*biN\l&\ \\18>N\Rŉ\12>\_è\'\nG/BX}\9A\\\\ܨR!E8\;ke9b[&cܱ\g\\n\3/(e1\#\ؙb/\FƐͳ\0(\jj\YyJY\)~ӛ\r\\>#G\y\$o7r\K̪f\n2ꉠ\g\7}Ll=?}/i	?&?\Ew@Q7\*Vݪ3\[llH\ghs\0i+ɦ&\]̚y\A\n=_ԓ\2nb3\fx0\J\$\0N@\uh\\\18$\-\8S6\tyr0\VU\e\@Q)\0#eƎ\S{=ͻ	#Ζ3Q4}\\\\wu`\F\C\\n\ŵ2\Z<[\)}W\\6\=c?7\9\\l&\ϔ\\5W\u\\\Ii+w`3ץh\r%\<\r\\ޝ\{,M\\\נ|\SX\\\',\\\!+y\0N\\\`#\n2˜\\Cau\|발))\Z\mdc{S	R\\\(3z\]\T\Z5\2\\\ne\Z%V1~\\r=x)!\:WXA{xI\0Z\p\5G4\m\\Z\eS\\@Z|T\\ս\\R`l/Bð΀UE䐋\\nW.\A\Cc3_;\`#\\\mG\Lzc\'Re=z.\+ա\"\Z1N3 \\ȼ\N&M\>-%\B=d\\)\`mioi\H=l\rvrm$\\)ݙ\؈\\ @M\z%4\06\PO\\g\nd7[\x;!\gB{#דJ\\\\\5jPD\rWQ[_й@994{\j7\\;@$G\i\M1j\r\'a\\"4\ZnCW|\'&\\\{h(.8\4me[(Iy\&l\m\\r̀\\۾\ks\\_\\)k[r\9\"+W\r\\{ \"`g8*ba7RZ\\-y\R\\-G\\Z\\rW[O&JV㦻Jv\֞^w\UBݎc&\|te\y\\#ҺZ\\\Dk<\\\0\;\\	\"ΏJ^o\B	`R\b\7\*0Z\\2\\`互I=R\\)\u;\io#\Z\\.tN\>7\>M\n,I\\\`\'Q\\VHSrc%	\\%Q~\smG\\~\*`\J<=\\5\/\\\OS\\\@\ \#&H\m;\\홟\p\\iR|^?:n&\r\cÿ\~Fji$Ba<>c\WC\Z{>#\"p*$1m穛i\!}wƦ~j\e\'\;\4`ʓҷ(vG\\BEJY\\0\"5\\z}۔߈px\x̓1U\'\ m>.(1\9\lپپ;8&3	}4\,+zؓ\M\IEPDK\\\bx*\׈\z_ƞCBmAuN)&؏J\ݏ\Zlk9/K&ёrU$	8ȝw=x\ZW\]tm\.@XXc00	ŷb0\\4\`	\Ď7O9t\\lObX\"\Hx\\u\\\0hW\"_\\~N=/wrǟLL\\^\\Έ%a2ֳ恤8\\n\φE<SEfm0-7O6C\\c1%8+T\\!\g|\':*]mm\rk-jLj8؀w>}TS-\p\\V\*N.\\g\ٞ>\p\v\\)\\\9Lө\=i0zUtKHV/ѽ)	xHR#\\\\j\\ќlpy\\Q#g!\\Zw_\o\\۔\$\-Ynjv-xӺ\\l\{+\#lM.\Fqő\(\G\nǭa7NxJ\{q|\0\W=@4\\nﺚF\I}	AVw	\m\bEN\\{\͖\\ސ\\Q\m\M{H\P6L*k*;g#\STw\Jh,`\\\\Z|\IC@c+{a]1q^\O\eFGg)\q5|SnH\\\P٫j]9\\4\n(4R8J\nڅ\;\\\yWƘak\nf\n\\\\^S	e:\"@\fGu\jzD\'j)\\nߐPB\널^)^5{9\@+1\n\-\\\\)?ّeڀd\1\Lw[]\\\rd#vua4\";dd\\H@E^ozw۩w[\r\\#rI),\d\s\/x/\`\\neDh\+z^t\m\3\\\\f\<G\\\\9![˖\\QR#ԡ\\\rVl\\~]/_ mN@\\O6Z\\c߹V\t*\,쌔lqLijkG@R\l~\\)bGyAj}bf7;Wōrqn\\cT\0Qr#ggN+!f\|PͿ3\\'Mh_I\ƹߴYm=8Kǒq\%&p\\\yCt\-ZE=\eHbW9矩\yqw\r䱾I\Z\\POd/ߦ\-\^K\K\W\\\굯/jr쮤\A\4\`Ϡ+V\tP\+gJ\\SA;\\y#\=$fz\g\>MDh\osn\\\OU\\'4]=Cw\\`K\U*z?\r\eL!S[ۘf0`\~SPt[5I!\*\\b\\<[\5q\56DkNS듯\[0\\\\͂N[-.8FjS@-4ӿ\"\\Z\dA.+.8-\<rws=DV<>3ʊN\ـkιĆ=6\\\\ \"c?\Ҟ\\Rk\Pi\\v70sz\Qf\垕z0?\!\ˏ)Y*4ӤF\\ms=&8ӆ{2\r\\MbQsvFm?|׷-Zѵđ7#`\\r!\OX^:8t\Z\\U\QaȻ}P~\`.\\\Ry}\Czy\\n#5E57LwaW\\+ \\Kr\\cĚ{\.\E.R\,\\\0\\\hdyJ{:\q{\]}\YZ\)\֊Q7]/T#\AB\,\4\"\b@?7[ta\\\"h^!ש/\U&\=1;xeɡ;V\,\{\xҥ\r\"{O\\\A|W\	B\r\机\Z\\nn@$\\\i\\\!py8CͰ4\n\R(\׺r\\C=K~f\"\ZF>\1љir0s\jڟ\=(U\0;r\"+\Z(c܍eV\\*)\"%VQ9Idt2^X\\ ]d\6T\0S܃k\.[,D~BtV\E֍\Aƶl\u\0\\в-n\\}\\]e#lgaE+u_~KIq\%5F\\fJI~\^\\FAZ\Z{\\\^\8{9j\'\\_B=U%	=n\3<c\'D\=,>	b*Ѵ3&\\n\\\Ncwܓ:\\$\\\\\w\%9uD\[rz;5b3*I\?7)\O*	\78[eYkd\B2=\we:\'\Q#\\'S\6zo\):,5\cǲ=¸3\\\\n\\\H\a0\ss{\\\=T\!wT檺My\n~T\ע0k\Π\XN4\\aѳS\%$aBF\+\\[`Ǣ,>&e(1\hAKt\C{5+kh*x\n̂\YlE-\ո\+\'&\\@Z׋\|A\ZQ	VA\\ɰsO\>_;\\\\z\!+\%\\|\0Mݓ3\\,x\?˒\n\\Z?P)ȡb\=\/Oa_[\r;\N \g;\u-24\EJ{\/6\\\\|̬Qy\V/	\#0P}̒\\\ru7@\=/+F/ת\Z4T\>\"nZ\Rp{0Qԑ\_\)@\\6o[\\dk=RĴt\/]\\\\hN!\rP]| 9f\\5JpGjAft\\(\\=\\F79j:s#.\0\\ы#I~Wv,?!,Jx\r00\S|ܓ\XķI\0	\\|\Ul\\\*?5Ĝp\(K%\v\e3HJDZ;\)0q\\0j\L^:OFR~[/v\\0\0\0\0\0\0\0\0\0\0\0\0\0','Jose','{bcrypt}$2a$10$dwwsvyIgtT7iwLGqhhnpS.1m3kRRQEJpBJpcrAkCwZ92uCFUYPDDG','Hombre',612343290,'JosLop566'),('Estudiante',24,'Sanchez Sanchez','25433235D','email@hotmail.com','2023-06-21 00:00:00.000000',_binary 'RIFF%\0\0WEBPVP8 %\0\0P\\0*\X>Q(F#\"Rp\n	gn4\@\\\\y5#o\;`y\\'\bE\\\GW\_P_\\\c\~\\/\P\\~|3c\o\\\\?\\\\/\_\{f<\\O(w\_\{_\z)ܮpOG/W_\\\?m?`鿬P\\\W\\_\\\9}ݷ7,}{\\/p^\{\\/p^\{\\/p^ཿE|/p^\{%X\\>\20kB/3(<\"\\\!C0}\\\\\\u\f3\S\\*\\\1M>\׌̒y3f\\\\\prhLl40[߽\n\\IZ\\b\w\\\\ɠaR\ZG\\dY\\E\Zj\ԟbk\\Q\/߸뻆\<b\$\^<<?7Le㫐20W\\q7\\\\z|Mxu\h\BO\j\nu^?_1\0\\x\T$+X\\}\\\[C\-\jep\0\fڑ\b\'\_DCWT\}A\&\I;t5E\=\!\$U\"\'\Ù1\\\\:l,90$o[J\?\~s:)ά\0wm\'-:\\u}Nw\Ůe\\\n\d.[\"JI\0b\\X\\t\V7?\u\\\e>+T*\2Z\h\x\\\r<\ff\\\$֠C0yy`,/o#J\,~DΑ\&\r\\\")#at\ӇCRu~i<_L\\g\1n/\m+&\zAwFu*\e(g&\[\X륊|\\[\OC/\\{NG;,\~,BYPȲ9ma|Iύ\\\LY~\0\w\3_t\\\|˰96.ζ`b\,aq\\f8\ִVal\Z|q^8o\{OZOC0(D|\\Ce;\g=\V5h-\0V\D\\q>&`\Y*d\/e\82,y\\\æ\o\\\&L\_B`\0!^\\j3\fc,\%6H`[h\\5\\0;j(\Jy\nMFu~w\\S\fyS>\׋w\/u\\\\\\r5db\_Of%\\4L?V\#\{S\\'\0\!Z߈\B4gmgAi@(-\j\̂;7\ \kW\Ic/_@\".ѽE`\[2\B\w|D# {y|\t\'*B9@fo\~r!(\r^\HucƓrEE\EuL9\\\t\Y3 wP\\\\\\C;ξ\\\$ 1\\\/pbp\\rp	F~QX\IgQ,\h\3jv\\\H0\*zQ׼D:ys^;~v a\씤j ,~~+DD\\zUx2O*\Կ}{\\n\\\\{e\r\\pw3bߥ\ib\\/p^\\]C0a\3f\!C0a\3f\!C0a\3f\!\0\0\0\0\0\0\0\@B3\@ =@\0QV\/63$4\W\\^̾-+j\\D\*\n\o\\P6!%2\uh\oi`!|	aK[raj\R\~\\S$y\c,7i.\\o2\45W#\0\I\&,\"hxI\oC\W	\\ٮR3^\Q\\Z)a\\g5\\0\n\\ɘi\rP8\g\w#\~>00\6[z;)b\lGt\Fh_CgS߁,]QFF\<k\n\t\>?|\.pρT|\iI\0	3ҍG\n\Z|B	6N\7ti%\\K9\	 s\r\'\R\¾M\ۉ<\m\\\]r.\\\'%\\\\Ugsr\\ڽ\Q\aO^>ȍ@ǡ8n@t\Zh\*[\!yY\Y\7\8	\̃|\\{mNR\'@δg%e\N7SG pPS/\\(li\\wqS\0e;1\\%\\\\KeQ<C\'\\o\Qzr돠\\Y6,ko8$S8.V:kn\wq\np9ģX\#\_b\\0rQtAAcA{\\r\\j*\5NyEu}+\L\aۉ}om\>؆\я[BMcz٤u+m\3àL\XB\oM\ݰJ@h˫{;O\oR4(3i0\w]OvdIc\\\ y\\?\\\\ZL\\0wpv[O\:`x̼Snio(\Ȧ\d`_\pπ1K!DPP\2)\\\Z\\nVz<0W0ߨ4\\\\\L\PDp:WE4:(O}Yǫ[տLNJ0St*F(،\1\\'\b{ݧ&+g\CPwt]\\"jO\\0\\XP\f\Z\`\\ɝ\\]\n\ZF4CcIqf73wٙ~n8\$ī5>f>@\w\X\݆TP90\\\pY\ْ\	\)Y\\\,5u\Z\V^d`ؽ\I9\/Nl;>>suy\6+S-\IYHKg_[o\؝@\\?&:S\\\0/;:\0\@;Z&\\,s8\55\z\;QIoahj\f\\X,{fw\\3X\b\fP\\Z\})yuKV\\ڥ~Fn\'+)\|]\ 붔\PSb\\~`\uȎ\>Jҋ\B>Kyjo\b\V(!&\ן<^!	^\R1\nc$	q{ь[mo\\ר\\rr	j\V[(ëe&\\P~\\C$ZNGg\\1\\Yw\U\j\\q9@\loK@Xo\Ry؈N%\\l\\\d\鯟p\ͨœ\(	ۄYm|Nۢ\\5E\ZtϨMVp.7k\\\)\'s˰3=¬t\U6\$y\\ٽcԷ\r=Bw˜>X9,n]?$ӖS\n\"f2ewv[\8{\rR\\^FuѪ\\ԟYRv\"\\\Fkw)>{\5\\+ބfK6\h}\CP\W\0\'	\i\8b-\v\"	Bwr>}+\r3\8^hi\'\nj\\\\6\ZNih9_P\\\\8\b\!u\ȼ\ Ɨ\dneqōĮOE>\0i\}\wY\)\\FB\8t\\=w&:Lr5\y\wxK$:޺;^9\ZVni~6aWt\0,\\;w]צ\\K8+y+\Sy\\\č6ZOpixֽ)bFt\u\\\}b°0kyH\MK䵧ѕ\\\S\\a\'ӯN6\\E/X\/|\<P\)4:Q1\\\\n#\>\6%f(\n|X\+\y\w\KH57+4\\\ٯ\z\nյ\Hr\")\1XZ9I\\In\@-Ւ\n?]\H4`\7(\8Kp\cVIp\k]-D\x7&3\-He$|\`\#3Е}TBa\\ҟۂ\\\o\ӧ\\C3_\\x	k<_N\nM\巻^hpuq\ؼ+!S)sG5kC\W_e/X\\'Jc\]\RpHj?r|j)ù\jEƄ܏dUIn\>>-uʢ\\78\n\\\\Qvf\g~yX\8Y/CH\6QпϰtL:6(=#D\n\\4Ne\\w%\B\R}ڶ\Om\}\f\\)\+,򇳃\^KҦ!t\ZW\\wvP\e|\\0\\3R}={84)o:$~F`ꌠ*\\e0{Z\޷\{p\1Z\lp=\";JcB0Udݺ\|\\\-%\\0U\5ć܄\aW\\\~(=\oζI.\)\le1!\\r r\ؑ)k.r	xpy劙û\\JtA\\{\D\\h)\ps$>\z\Z}$~M\\\>\\\ fzJ|:J\8;G͠K*\t&X\'\1gcM>\kJ\\"Jbe_[\\\\G\rS\r&FN7z\83B5໿CbM\\ɍ\\w~\\I\\f\\\\\|N`T+Lm\\~\K~^ʓ\E\\\0&\OW\Da|^k|c]\mN\uy?\{\\Wz\L5,j\sN\9\<\q\D\lB<l\ |HxW=g\rدKL7m-\\w}SD\+<A\Zdcg\^OV|\]}\әŰf?=wLR\Z>X*=%\ hʉZ˥\?Y0-\Z߭\<@N\PLan\\0Δ5\0\'U\'s\/\b\\QrF\.Q:H	>Hr\'UqxlGI\nSѧ+\\q\wv\\\\\k@MֵLKdmg\\[\0\\\.]vZ=@o{9\$\BA\!\n{Hk#G\83/\z\j\pC\\	\\\5\{<\qʙ2E\\\`W[Z	\'[N#抈~&\*biN\l&\ \\18>N\Rŉ\12>\_è\'\nG/BX}\9A\\\\ܨR!E8\;ke9b[&cܱ\g\\n\3/(e1\#\ؙb/\FƐͳ\0(\jj\YyJY\)~ӛ\r\\>#G\y\$o7r\K̪f\n2ꉠ\g\7}Ll=?}/i	?&?\Ew@Q7\*Vݪ3\[llH\ghs\0i+ɦ&\]̚y\A\n=_ԓ\2nb3\fx0\J\$\0N@\uh\\\18$\-\8S6\tyr0\VU\e\@Q)\0#eƎ\S{=ͻ	#Ζ3Q4}\\\\wu`\F\C\\n\ŵ2\Z<[\)}W\\6\=c?7\9\\l&\ϔ\\5W\u\\\Ii+w`3ץh\r%\<\r\\ޝ\{,M\\\נ|\SX\\\',\\\!+y\0N\\\`#\n2˜\\Cau\|발))\Z\mdc{S	R\\\(3z\]\T\Z5\2\\\ne\Z%V1~\\r=x)!\:WXA{xI\0Z\p\5G4\m\\Z\eS\\@Z|T\\ս\\R`l/Bð΀UE䐋\\nW.\A\Cc3_;\`#\\\mG\Lzc\'Re=z.\+ա\"\Z1N3 \\ȼ\N&M\>-%\B=d\\)\`mioi\H=l\rvrm$\\)ݙ\؈\\ @M\z%4\06\PO\\g\nd7[\x;!\gB{#דJ\\\\\5jPD\rWQ[_й@994{\j7\\;@$G\i\M1j\r\'a\\"4\ZnCW|\'&\\\{h(.8\4me[(Iy\&l\m\\r̀\\۾\ks\\_\\)k[r\9\"+W\r\\{ \"`g8*ba7RZ\\-y\R\\-G\\Z\\rW[O&JV㦻Jv\֞^w\UBݎc&\|te\y\\#ҺZ\\\Dk<\\\0\;\\	\"ΏJ^o\B	`R\b\7\*0Z\\2\\`互I=R\\)\u;\io#\Z\\.tN\>7\>M\n,I\\\`\'Q\\VHSrc%	\\%Q~\smG\\~\*`\J<=\\5\/\\\OS\\\@\ \#&H\m;\\홟\p\\iR|^?:n&\r\cÿ\~Fji$Ba<>c\WC\Z{>#\"p*$1m穛i\!}wƦ~j\e\'\;\4`ʓҷ(vG\\BEJY\\0\"5\\z}۔߈px\x̓1U\'\ m>.(1\9\lپپ;8&3	}4\,+zؓ\M\IEPDK\\\bx*\׈\z_ƞCBmAuN)&؏J\ݏ\Zlk9/K&ёrU$	8ȝw=x\ZW\]tm\.@XXc00	ŷb0\\4\`	\Ď7O9t\\lObX\"\Hx\\u\\\0hW\"_\\~N=/wrǟLL\\^\\Έ%a2ֳ恤8\\n\φE<SEfm0-7O6C\\c1%8+T\\!\g|\':*]mm\rk-jLj8؀w>}TS-\p\\V\*N.\\g\ٞ>\p\v\\)\\\9Lө\=i0zUtKHV/ѽ)	xHR#\\\\j\\ќlpy\\Q#g!\\Zw_\o\\۔\$\-Ynjv-xӺ\\l\{+\#lM.\Fqő\(\G\nǭa7NxJ\{q|\0\W=@4\\nﺚF\I}	AVw	\m\bEN\\{\͖\\ސ\\Q\m\M{H\P6L*k*;g#\STw\Jh,`\\\\Z|\IC@c+{a]1q^\O\eFGg)\q5|SnH\\\P٫j]9\\4\n(4R8J\nڅ\;\\\yWƘak\nf\n\\\\^S	e:\"@\fGu\jzD\'j)\\nߐPB\널^)^5{9\@+1\n\-\\\\)?ّeڀd\1\Lw[]\\\rd#vua4\";dd\\H@E^ozw۩w[\r\\#rI),\d\s\/x/\`\\neDh\+z^t\m\3\\\\f\<G\\\\9![˖\\QR#ԡ\\\rVl\\~]/_ mN@\\O6Z\\c߹V\t*\,쌔lqLijkG@R\l~\\)bGyAj}bf7;Wōrqn\\cT\0Qr#ggN+!f\|PͿ3\\'Mh_I\ƹߴYm=8Kǒq\%&p\\\yCt\-ZE=\eHbW9矩\yqw\r䱾I\Z\\POd/ߦ\-\^K\K\W\\\굯/jr쮤\A\4\`Ϡ+V\tP\+gJ\\SA;\\y#\=$fz\g\>MDh\osn\\\OU\\'4]=Cw\\`K\U*z?\r\eL!S[ۘf0`\~SPt[5I!\*\\b\\<[\5q\56DkNS듯\[0\\\\͂N[-.8FjS@-4ӿ\"\\Z\dA.+.8-\<rws=DV<>3ʊN\ـkιĆ=6\\\\ \"c?\Ҟ\\Rk\Pi\\v70sz\Qf\垕z0?\!\ˏ)Y*4ӤF\\ms=&8ӆ{2\r\\MbQsvFm?|׷-Zѵđ7#`\\r!\OX^:8t\Z\\U\QaȻ}P~\`.\\\Ry}\Czy\\n#5E57LwaW\\+ \\Kr\\cĚ{\.\E.R\,\\\0\\\hdyJ{:\q{\]}\YZ\)\֊Q7]/T#\AB\,\4\"\b@?7[ta\\\"h^!ש/\U&\=1;xeɡ;V\,\{\xҥ\r\"{O\\\A|W\	B\r\机\Z\\nn@$\\\i\\\!py8CͰ4\n\R(\׺r\\C=K~f\"\ZF>\1љir0s\jڟ\=(U\0;r\"+\Z(c܍eV\\*)\"%VQ9Idt2^X\\ ]d\6T\0S܃k\.[,D~BtV\E֍\Aƶl\u\0\\в-n\\}\\]e#lgaE+u_~KIq\%5F\\fJI~\^\\FAZ\Z{\\\^\8{9j\'\\_B=U%	=n\3<c\'D\=,>	b*Ѵ3&\\n\\\Ncwܓ:\\$\\\\\w\%9uD\[rz;5b3*I\?7)\O*	\78[eYkd\B2=\we:\'\Q#\\'S\6zo\):,5\cǲ=¸3\\\\n\\\H\a0\ss{\\\=T\!wT檺My\n~T\ע0k\Π\XN4\\aѳS\%$aBF\+\\[`Ǣ,>&e(1\hAKt\C{5+kh*x\n̂\YlE-\ո\+\'&\\@Z׋\|A\ZQ	VA\\ɰsO\>_;\\\\z\!+\%\\|\0Mݓ3\\,x\?˒\n\\Z?P)ȡb\=\/Oa_[\r;\N \g;\u-24\EJ{\/6\\\\|̬Qy\V/	\#0P}̒\\\ru7@\=/+F/ת\Z4T\>\"nZ\Rp{0Qԑ\_\)@\\6o[\\dk=RĴt\/]\\\\hN!\rP]| 9f\\5JpGjAft\\(\\=\\F79j:s#.\0\\ы#I~Wv,?!,Jx\r00\S|ܓ\XķI\0	\\|\Ul\\\*?5Ĝp\(K%\v\e3HJDZ;\)0q\\0j\L^:OFR~[/v\\0\0\0\0\0\0\0\0\0\0\0\0\0','Laura','{bcrypt}$2a$10$VsSWPgHgq8ZLxfxbcI07aOd1SSVKTyYQqTnIL0jXAiFS0abBIRnqG','Mujer',643320786,'LauSan235'),('Estudiante',25,'Lopez Diaz','34328940G','carloslopdi@gmail.com','2023-02-21 00:00:00.000000',_binary 'RIFF%\0\0WEBPVP8 %\0\0P\\0*\X>Q(F#\"Rp\n	gn4\@\\\\y5#o\;`y\\'\bE\\\GW\_P_\\\c\~\\/\P\\~|3c\o\\\\?\\\\/\_\{f<\\O(w\_\{_\z)ܮpOG/W_\\\?m?`鿬P\\\W\\_\\\9}ݷ7,}{\\/p^\{\\/p^\{\\/p^ཿE|/p^\{%X\\>\20kB/3(<\"\\\!C0}\\\\\\u\f3\S\\*\\\1M>\׌̒y3f\\\\\prhLl40[߽\n\\IZ\\b\w\\\\ɠaR\ZG\\dY\\E\Zj\ԟbk\\Q\/߸뻆\<b\$\^<<?7Le㫐20W\\q7\\\\z|Mxu\h\BO\j\nu^?_1\0\\x\T$+X\\}\\\[C\-\jep\0\fڑ\b\'\_DCWT\}A\&\I;t5E\=\!\$U\"\'\Ù1\\\\:l,90$o[J\?\~s:)ά\0wm\'-:\\u}Nw\Ůe\\\n\d.[\"JI\0b\\X\\t\V7?\u\\\e>+T*\2Z\h\x\\\r<\ff\\\$֠C0yy`,/o#J\,~DΑ\&\r\\\")#at\ӇCRu~i<_L\\g\1n/\m+&\zAwFu*\e(g&\[\X륊|\\[\OC/\\{NG;,\~,BYPȲ9ma|Iύ\\\LY~\0\w\3_t\\\|˰96.ζ`b\,aq\\f8\ִVal\Z|q^8o\{OZOC0(D|\\Ce;\g=\V5h-\0V\D\\q>&`\Y*d\/e\82,y\\\æ\o\\\&L\_B`\0!^\\j3\fc,\%6H`[h\\5\\0;j(\Jy\nMFu~w\\S\fyS>\׋w\/u\\\\\\r5db\_Of%\\4L?V\#\{S\\'\0\!Z߈\B4gmgAi@(-\j\̂;7\ \kW\Ic/_@\".ѽE`\[2\B\w|D# {y|\t\'*B9@fo\~r!(\r^\HucƓrEE\EuL9\\\t\Y3 wP\\\\\\C;ξ\\\$ 1\\\/pbp\\rp	F~QX\IgQ,\h\3jv\\\H0\*zQ׼D:ys^;~v a\씤j ,~~+DD\\zUx2O*\Կ}{\\n\\\\{e\r\\pw3bߥ\ib\\/p^\\]C0a\3f\!C0a\3f\!C0a\3f\!\0\0\0\0\0\0\0\@B3\@ =@\0QV\/63$4\W\\^̾-+j\\D\*\n\o\\P6!%2\uh\oi`!|	aK[raj\R\~\\S$y\c,7i.\\o2\45W#\0\I\&,\"hxI\oC\W	\\ٮR3^\Q\\Z)a\\g5\\0\n\\ɘi\rP8\g\w#\~>00\6[z;)b\lGt\Fh_CgS߁,]QFF\<k\n\t\>?|\.pρT|\iI\0	3ҍG\n\Z|B	6N\7ti%\\K9\	 s\r\'\R\¾M\ۉ<\m\\\]r.\\\'%\\\\Ugsr\\ڽ\Q\aO^>ȍ@ǡ8n@t\Zh\*[\!yY\Y\7\8	\̃|\\{mNR\'@δg%e\N7SG pPS/\\(li\\wqS\0e;1\\%\\\\KeQ<C\'\\o\Qzr돠\\Y6,ko8$S8.V:kn\wq\np9ģX\#\_b\\0rQtAAcA{\\r\\j*\5NyEu}+\L\aۉ}om\>؆\я[BMcz٤u+m\3àL\XB\oM\ݰJ@h˫{;O\oR4(3i0\w]OvdIc\\\ y\\?\\\\ZL\\0wpv[O\:`x̼Snio(\Ȧ\d`_\pπ1K!DPP\2)\\\Z\\nVz<0W0ߨ4\\\\\L\PDp:WE4:(O}Yǫ[տLNJ0St*F(،\1\\'\b{ݧ&+g\CPwt]\\"jO\\0\\XP\f\Z\`\\ɝ\\]\n\ZF4CcIqf73wٙ~n8\$ī5>f>@\w\X\݆TP90\\\pY\ْ\	\)Y\\\,5u\Z\V^d`ؽ\I9\/Nl;>>suy\6+S-\IYHKg_[o\؝@\\?&:S\\\0/;:\0\@;Z&\\,s8\55\z\;QIoahj\f\\X,{fw\\3X\b\fP\\Z\})yuKV\\ڥ~Fn\'+)\|]\ 붔\PSb\\~`\uȎ\>Jҋ\B>Kyjo\b\V(!&\ן<^!	^\R1\nc$	q{ь[mo\\ר\\rr	j\V[(ëe&\\P~\\C$ZNGg\\1\\Yw\U\j\\q9@\loK@Xo\Ry؈N%\\l\\\d\鯟p\ͨœ\(	ۄYm|Nۢ\\5E\ZtϨMVp.7k\\\)\'s˰3=¬t\U6\$y\\ٽcԷ\r=Bw˜>X9,n]?$ӖS\n\"f2ewv[\8{\rR\\^FuѪ\\ԟYRv\"\\\Fkw)>{\5\\+ބfK6\h}\CP\W\0\'	\i\8b-\v\"	Bwr>}+\r3\8^hi\'\nj\\\\6\ZNih9_P\\\\8\b\!u\ȼ\ Ɨ\dneqōĮOE>\0i\}\wY\)\\FB\8t\\=w&:Lr5\y\wxK$:޺;^9\ZVni~6aWt\0,\\;w]צ\\K8+y+\Sy\\\č6ZOpixֽ)bFt\u\\\}b°0kyH\MK䵧ѕ\\\S\\a\'ӯN6\\E/X\/|\<P\)4:Q1\\\\n#\>\6%f(\n|X\+\y\w\KH57+4\\\ٯ\z\nյ\Hr\")\1XZ9I\\In\@-Ւ\n?]\H4`\7(\8Kp\cVIp\k]-D\x7&3\-He$|\`\#3Е}TBa\\ҟۂ\\\o\ӧ\\C3_\\x	k<_N\nM\巻^hpuq\ؼ+!S)sG5kC\W_e/X\\'Jc\]\RpHj?r|j)ù\jEƄ܏dUIn\>>-uʢ\\78\n\\\\Qvf\g~yX\8Y/CH\6QпϰtL:6(=#D\n\\4Ne\\w%\B\R}ڶ\Om\}\f\\)\+,򇳃\^KҦ!t\ZW\\wvP\e|\\0\\3R}={84)o:$~F`ꌠ*\\e0{Z\޷\{p\1Z\lp=\";JcB0Udݺ\|\\\-%\\0U\5ć܄\aW\\\~(=\oζI.\)\le1!\\r r\ؑ)k.r	xpy劙û\\JtA\\{\D\\h)\ps$>\z\Z}$~M\\\>\\\ fzJ|:J\8;G͠K*\t&X\'\1gcM>\kJ\\"Jbe_[\\\\G\rS\r&FN7z\83B5໿CbM\\ɍ\\w~\\I\\f\\\\\|N`T+Lm\\~\K~^ʓ\E\\\0&\OW\Da|^k|c]\mN\uy?\{\\Wz\L5,j\sN\9\<\q\D\lB<l\ |HxW=g\rدKL7m-\\w}SD\+<A\Zdcg\^OV|\]}\әŰf?=wLR\Z>X*=%\ hʉZ˥\?Y0-\Z߭\<@N\PLan\\0Δ5\0\'U\'s\/\b\\QrF\.Q:H	>Hr\'UqxlGI\nSѧ+\\q\wv\\\\\k@MֵLKdmg\\[\0\\\.]vZ=@o{9\$\BA\!\n{Hk#G\83/\z\j\pC\\	\\\5\{<\qʙ2E\\\`W[Z	\'[N#抈~&\*biN\l&\ \\18>N\Rŉ\12>\_è\'\nG/BX}\9A\\\\ܨR!E8\;ke9b[&cܱ\g\\n\3/(e1\#\ؙb/\FƐͳ\0(\jj\YyJY\)~ӛ\r\\>#G\y\$o7r\K̪f\n2ꉠ\g\7}Ll=?}/i	?&?\Ew@Q7\*Vݪ3\[llH\ghs\0i+ɦ&\]̚y\A\n=_ԓ\2nb3\fx0\J\$\0N@\uh\\\18$\-\8S6\tyr0\VU\e\@Q)\0#eƎ\S{=ͻ	#Ζ3Q4}\\\\wu`\F\C\\n\ŵ2\Z<[\)}W\\6\=c?7\9\\l&\ϔ\\5W\u\\\Ii+w`3ץh\r%\<\r\\ޝ\{,M\\\נ|\SX\\\',\\\!+y\0N\\\`#\n2˜\\Cau\|발))\Z\mdc{S	R\\\(3z\]\T\Z5\2\\\ne\Z%V1~\\r=x)!\:WXA{xI\0Z\p\5G4\m\\Z\eS\\@Z|T\\ս\\R`l/Bð΀UE䐋\\nW.\A\Cc3_;\`#\\\mG\Lzc\'Re=z.\+ա\"\Z1N3 \\ȼ\N&M\>-%\B=d\\)\`mioi\H=l\rvrm$\\)ݙ\؈\\ @M\z%4\06\PO\\g\nd7[\x;!\gB{#דJ\\\\\5jPD\rWQ[_й@994{\j7\\;@$G\i\M1j\r\'a\\"4\ZnCW|\'&\\\{h(.8\4me[(Iy\&l\m\\r̀\\۾\ks\\_\\)k[r\9\"+W\r\\{ \"`g8*ba7RZ\\-y\R\\-G\\Z\\rW[O&JV㦻Jv\֞^w\UBݎc&\|te\y\\#ҺZ\\\Dk<\\\0\;\\	\"ΏJ^o\B	`R\b\7\*0Z\\2\\`互I=R\\)\u;\io#\Z\\.tN\>7\>M\n,I\\\`\'Q\\VHSrc%	\\%Q~\smG\\~\*`\J<=\\5\/\\\OS\\\@\ \#&H\m;\\홟\p\\iR|^?:n&\r\cÿ\~Fji$Ba<>c\WC\Z{>#\"p*$1m穛i\!}wƦ~j\e\'\;\4`ʓҷ(vG\\BEJY\\0\"5\\z}۔߈px\x̓1U\'\ m>.(1\9\lپپ;8&3	}4\,+zؓ\M\IEPDK\\\bx*\׈\z_ƞCBmAuN)&؏J\ݏ\Zlk9/K&ёrU$	8ȝw=x\ZW\]tm\.@XXc00	ŷb0\\4\`	\Ď7O9t\\lObX\"\Hx\\u\\\0hW\"_\\~N=/wrǟLL\\^\\Έ%a2ֳ恤8\\n\φE<SEfm0-7O6C\\c1%8+T\\!\g|\':*]mm\rk-jLj8؀w>}TS-\p\\V\*N.\\g\ٞ>\p\v\\)\\\9Lө\=i0zUtKHV/ѽ)	xHR#\\\\j\\ќlpy\\Q#g!\\Zw_\o\\۔\$\-Ynjv-xӺ\\l\{+\#lM.\Fqő\(\G\nǭa7NxJ\{q|\0\W=@4\\nﺚF\I}	AVw	\m\bEN\\{\͖\\ސ\\Q\m\M{H\P6L*k*;g#\STw\Jh,`\\\\Z|\IC@c+{a]1q^\O\eFGg)\q5|SnH\\\P٫j]9\\4\n(4R8J\nڅ\;\\\yWƘak\nf\n\\\\^S	e:\"@\fGu\jzD\'j)\\nߐPB\널^)^5{9\@+1\n\-\\\\)?ّeڀd\1\Lw[]\\\rd#vua4\";dd\\H@E^ozw۩w[\r\\#rI),\d\s\/x/\`\\neDh\+z^t\m\3\\\\f\<G\\\\9![˖\\QR#ԡ\\\rVl\\~]/_ mN@\\O6Z\\c߹V\t*\,쌔lqLijkG@R\l~\\)bGyAj}bf7;Wōrqn\\cT\0Qr#ggN+!f\|PͿ3\\'Mh_I\ƹߴYm=8Kǒq\%&p\\\yCt\-ZE=\eHbW9矩\yqw\r䱾I\Z\\POd/ߦ\-\^K\K\W\\\굯/jr쮤\A\4\`Ϡ+V\tP\+gJ\\SA;\\y#\=$fz\g\>MDh\osn\\\OU\\'4]=Cw\\`K\U*z?\r\eL!S[ۘf0`\~SPt[5I!\*\\b\\<[\5q\56DkNS듯\[0\\\\͂N[-.8FjS@-4ӿ\"\\Z\dA.+.8-\<rws=DV<>3ʊN\ـkιĆ=6\\\\ \"c?\Ҟ\\Rk\Pi\\v70sz\Qf\垕z0?\!\ˏ)Y*4ӤF\\ms=&8ӆ{2\r\\MbQsvFm?|׷-Zѵđ7#`\\r!\OX^:8t\Z\\U\QaȻ}P~\`.\\\Ry}\Czy\\n#5E57LwaW\\+ \\Kr\\cĚ{\.\E.R\,\\\0\\\hdyJ{:\q{\]}\YZ\)\֊Q7]/T#\AB\,\4\"\b@?7[ta\\\"h^!ש/\U&\=1;xeɡ;V\,\{\xҥ\r\"{O\\\A|W\	B\r\机\Z\\nn@$\\\i\\\!py8CͰ4\n\R(\׺r\\C=K~f\"\ZF>\1љir0s\jڟ\=(U\0;r\"+\Z(c܍eV\\*)\"%VQ9Idt2^X\\ ]d\6T\0S܃k\.[,D~BtV\E֍\Aƶl\u\0\\в-n\\}\\]e#lgaE+u_~KIq\%5F\\fJI~\^\\FAZ\Z{\\\^\8{9j\'\\_B=U%	=n\3<c\'D\=,>	b*Ѵ3&\\n\\\Ncwܓ:\\$\\\\\w\%9uD\[rz;5b3*I\?7)\O*	\78[eYkd\B2=\we:\'\Q#\\'S\6zo\):,5\cǲ=¸3\\\\n\\\H\a0\ss{\\\=T\!wT檺My\n~T\ע0k\Π\XN4\\aѳS\%$aBF\+\\[`Ǣ,>&e(1\hAKt\C{5+kh*x\n̂\YlE-\ո\+\'&\\@Z׋\|A\ZQ	VA\\ɰsO\>_;\\\\z\!+\%\\|\0Mݓ3\\,x\?˒\n\\Z?P)ȡb\=\/Oa_[\r;\N \g;\u-24\EJ{\/6\\\\|̬Qy\V/	\#0P}̒\\\ru7@\=/+F/ת\Z4T\>\"nZ\Rp{0Qԑ\_\)@\\6o[\\dk=RĴt\/]\\\\hN!\rP]| 9f\\5JpGjAft\\(\\=\\F79j:s#.\0\\ы#I~Wv,?!,Jx\r00\S|ܓ\XķI\0	\\|\Ul\\\*?5Ĝp\(K%\v\e3HJDZ;\)0q\\0j\L^:OFR~[/v\\0\0\0\0\0\0\0\0\0\0\0\0\0','Carlos','{bcrypt}$2a$10$DiXCQ2KzS80nWXqy66SDt.7W3Ozt2KntL7B9efvSmzY7g5qfTBilK','Hombre',699555666,'CarLop940'),('Estudiante',26,'Carrasco Brocal','23564120L','InmCar2000@hotmail.com','2022-12-24 00:00:00.000000',_binary 'RIFF%\0\0WEBPVP8 %\0\0P\\0*\X>Q(F#\"Rp\n	gn4\@\\\\y5#o\;`y\\'\bE\\\GW\_P_\\\c\~\\/\P\\~|3c\o\\\\?\\\\/\_\{f<\\O(w\_\{_\z)ܮpOG/W_\\\?m?`鿬P\\\W\\_\\\9}ݷ7,}{\\/p^\{\\/p^\{\\/p^ཿE|/p^\{%X\\>\20kB/3(<\"\\\!C0}\\\\\\u\f3\S\\*\\\1M>\׌̒y3f\\\\\prhLl40[߽\n\\IZ\\b\w\\\\ɠaR\ZG\\dY\\E\Zj\ԟbk\\Q\/߸뻆\<b\$\^<<?7Le㫐20W\\q7\\\\z|Mxu\h\BO\j\nu^?_1\0\\x\T$+X\\}\\\[C\-\jep\0\fڑ\b\'\_DCWT\}A\&\I;t5E\=\!\$U\"\'\Ù1\\\\:l,90$o[J\?\~s:)ά\0wm\'-:\\u}Nw\Ůe\\\n\d.[\"JI\0b\\X\\t\V7?\u\\\e>+T*\2Z\h\x\\\r<\ff\\\$֠C0yy`,/o#J\,~DΑ\&\r\\\")#at\ӇCRu~i<_L\\g\1n/\m+&\zAwFu*\e(g&\[\X륊|\\[\OC/\\{NG;,\~,BYPȲ9ma|Iύ\\\LY~\0\w\3_t\\\|˰96.ζ`b\,aq\\f8\ִVal\Z|q^8o\{OZOC0(D|\\Ce;\g=\V5h-\0V\D\\q>&`\Y*d\/e\82,y\\\æ\o\\\&L\_B`\0!^\\j3\fc,\%6H`[h\\5\\0;j(\Jy\nMFu~w\\S\fyS>\׋w\/u\\\\\\r5db\_Of%\\4L?V\#\{S\\'\0\!Z߈\B4gmgAi@(-\j\̂;7\ \kW\Ic/_@\".ѽE`\[2\B\w|D# {y|\t\'*B9@fo\~r!(\r^\HucƓrEE\EuL9\\\t\Y3 wP\\\\\\C;ξ\\\$ 1\\\/pbp\\rp	F~QX\IgQ,\h\3jv\\\H0\*zQ׼D:ys^;~v a\씤j ,~~+DD\\zUx2O*\Կ}{\\n\\\\{e\r\\pw3bߥ\ib\\/p^\\]C0a\3f\!C0a\3f\!C0a\3f\!\0\0\0\0\0\0\0\@B3\@ =@\0QV\/63$4\W\\^̾-+j\\D\*\n\o\\P6!%2\uh\oi`!|	aK[raj\R\~\\S$y\c,7i.\\o2\45W#\0\I\&,\"hxI\oC\W	\\ٮR3^\Q\\Z)a\\g5\\0\n\\ɘi\rP8\g\w#\~>00\6[z;)b\lGt\Fh_CgS߁,]QFF\<k\n\t\>?|\.pρT|\iI\0	3ҍG\n\Z|B	6N\7ti%\\K9\	 s\r\'\R\¾M\ۉ<\m\\\]r.\\\'%\\\\Ugsr\\ڽ\Q\aO^>ȍ@ǡ8n@t\Zh\*[\!yY\Y\7\8	\̃|\\{mNR\'@δg%e\N7SG pPS/\\(li\\wqS\0e;1\\%\\\\KeQ<C\'\\o\Qzr돠\\Y6,ko8$S8.V:kn\wq\np9ģX\#\_b\\0rQtAAcA{\\r\\j*\5NyEu}+\L\aۉ}om\>؆\я[BMcz٤u+m\3àL\XB\oM\ݰJ@h˫{;O\oR4(3i0\w]OvdIc\\\ y\\?\\\\ZL\\0wpv[O\:`x̼Snio(\Ȧ\d`_\pπ1K!DPP\2)\\\Z\\nVz<0W0ߨ4\\\\\L\PDp:WE4:(O}Yǫ[տLNJ0St*F(،\1\\'\b{ݧ&+g\CPwt]\\"jO\\0\\XP\f\Z\`\\ɝ\\]\n\ZF4CcIqf73wٙ~n8\$ī5>f>@\w\X\݆TP90\\\pY\ْ\	\)Y\\\,5u\Z\V^d`ؽ\I9\/Nl;>>suy\6+S-\IYHKg_[o\؝@\\?&:S\\\0/;:\0\@;Z&\\,s8\55\z\;QIoahj\f\\X,{fw\\3X\b\fP\\Z\})yuKV\\ڥ~Fn\'+)\|]\ 붔\PSb\\~`\uȎ\>Jҋ\B>Kyjo\b\V(!&\ן<^!	^\R1\nc$	q{ь[mo\\ר\\rr	j\V[(ëe&\\P~\\C$ZNGg\\1\\Yw\U\j\\q9@\loK@Xo\Ry؈N%\\l\\\d\鯟p\ͨœ\(	ۄYm|Nۢ\\5E\ZtϨMVp.7k\\\)\'s˰3=¬t\U6\$y\\ٽcԷ\r=Bw˜>X9,n]?$ӖS\n\"f2ewv[\8{\rR\\^FuѪ\\ԟYRv\"\\\Fkw)>{\5\\+ބfK6\h}\CP\W\0\'	\i\8b-\v\"	Bwr>}+\r3\8^hi\'\nj\\\\6\ZNih9_P\\\\8\b\!u\ȼ\ Ɨ\dneqōĮOE>\0i\}\wY\)\\FB\8t\\=w&:Lr5\y\wxK$:޺;^9\ZVni~6aWt\0,\\;w]צ\\K8+y+\Sy\\\č6ZOpixֽ)bFt\u\\\}b°0kyH\MK䵧ѕ\\\S\\a\'ӯN6\\E/X\/|\<P\)4:Q1\\\\n#\>\6%f(\n|X\+\y\w\KH57+4\\\ٯ\z\nյ\Hr\")\1XZ9I\\In\@-Ւ\n?]\H4`\7(\8Kp\cVIp\k]-D\x7&3\-He$|\`\#3Е}TBa\\ҟۂ\\\o\ӧ\\C3_\\x	k<_N\nM\巻^hpuq\ؼ+!S)sG5kC\W_e/X\\'Jc\]\RpHj?r|j)ù\jEƄ܏dUIn\>>-uʢ\\78\n\\\\Qvf\g~yX\8Y/CH\6QпϰtL:6(=#D\n\\4Ne\\w%\B\R}ڶ\Om\}\f\\)\+,򇳃\^KҦ!t\ZW\\wvP\e|\\0\\3R}={84)o:$~F`ꌠ*\\e0{Z\޷\{p\1Z\lp=\";JcB0Udݺ\|\\\-%\\0U\5ć܄\aW\\\~(=\oζI.\)\le1!\\r r\ؑ)k.r	xpy劙û\\JtA\\{\D\\h)\ps$>\z\Z}$~M\\\>\\\ fzJ|:J\8;G͠K*\t&X\'\1gcM>\kJ\\"Jbe_[\\\\G\rS\r&FN7z\83B5໿CbM\\ɍ\\w~\\I\\f\\\\\|N`T+Lm\\~\K~^ʓ\E\\\0&\OW\Da|^k|c]\mN\uy?\{\\Wz\L5,j\sN\9\<\q\D\lB<l\ |HxW=g\rدKL7m-\\w}SD\+<A\Zdcg\^OV|\]}\әŰf?=wLR\Z>X*=%\ hʉZ˥\?Y0-\Z߭\<@N\PLan\\0Δ5\0\'U\'s\/\b\\QrF\.Q:H	>Hr\'UqxlGI\nSѧ+\\q\wv\\\\\k@MֵLKdmg\\[\0\\\.]vZ=@o{9\$\BA\!\n{Hk#G\83/\z\j\pC\\	\\\5\{<\qʙ2E\\\`W[Z	\'[N#抈~&\*biN\l&\ \\18>N\Rŉ\12>\_è\'\nG/BX}\9A\\\\ܨR!E8\;ke9b[&cܱ\g\\n\3/(e1\#\ؙb/\FƐͳ\0(\jj\YyJY\)~ӛ\r\\>#G\y\$o7r\K̪f\n2ꉠ\g\7}Ll=?}/i	?&?\Ew@Q7\*Vݪ3\[llH\ghs\0i+ɦ&\]̚y\A\n=_ԓ\2nb3\fx0\J\$\0N@\uh\\\18$\-\8S6\tyr0\VU\e\@Q)\0#eƎ\S{=ͻ	#Ζ3Q4}\\\\wu`\F\C\\n\ŵ2\Z<[\)}W\\6\=c?7\9\\l&\ϔ\\5W\u\\\Ii+w`3ץh\r%\<\r\\ޝ\{,M\\\נ|\SX\\\',\\\!+y\0N\\\`#\n2˜\\Cau\|발))\Z\mdc{S	R\\\(3z\]\T\Z5\2\\\ne\Z%V1~\\r=x)!\:WXA{xI\0Z\p\5G4\m\\Z\eS\\@Z|T\\ս\\R`l/Bð΀UE䐋\\nW.\A\Cc3_;\`#\\\mG\Lzc\'Re=z.\+ա\"\Z1N3 \\ȼ\N&M\>-%\B=d\\)\`mioi\H=l\rvrm$\\)ݙ\؈\\ @M\z%4\06\PO\\g\nd7[\x;!\gB{#דJ\\\\\5jPD\rWQ[_й@994{\j7\\;@$G\i\M1j\r\'a\\"4\ZnCW|\'&\\\{h(.8\4me[(Iy\&l\m\\r̀\\۾\ks\\_\\)k[r\9\"+W\r\\{ \"`g8*ba7RZ\\-y\R\\-G\\Z\\rW[O&JV㦻Jv\֞^w\UBݎc&\|te\y\\#ҺZ\\\Dk<\\\0\;\\	\"ΏJ^o\B	`R\b\7\*0Z\\2\\`互I=R\\)\u;\io#\Z\\.tN\>7\>M\n,I\\\`\'Q\\VHSrc%	\\%Q~\smG\\~\*`\J<=\\5\/\\\OS\\\@\ \#&H\m;\\홟\p\\iR|^?:n&\r\cÿ\~Fji$Ba<>c\WC\Z{>#\"p*$1m穛i\!}wƦ~j\e\'\;\4`ʓҷ(vG\\BEJY\\0\"5\\z}۔߈px\x̓1U\'\ m>.(1\9\lپپ;8&3	}4\,+zؓ\M\IEPDK\\\bx*\׈\z_ƞCBmAuN)&؏J\ݏ\Zlk9/K&ёrU$	8ȝw=x\ZW\]tm\.@XXc00	ŷb0\\4\`	\Ď7O9t\\lObX\"\Hx\\u\\\0hW\"_\\~N=/wrǟLL\\^\\Έ%a2ֳ恤8\\n\φE<SEfm0-7O6C\\c1%8+T\\!\g|\':*]mm\rk-jLj8؀w>}TS-\p\\V\*N.\\g\ٞ>\p\v\\)\\\9Lө\=i0zUtKHV/ѽ)	xHR#\\\\j\\ќlpy\\Q#g!\\Zw_\o\\۔\$\-Ynjv-xӺ\\l\{+\#lM.\Fqő\(\G\nǭa7NxJ\{q|\0\W=@4\\nﺚF\I}	AVw	\m\bEN\\{\͖\\ސ\\Q\m\M{H\P6L*k*;g#\STw\Jh,`\\\\Z|\IC@c+{a]1q^\O\eFGg)\q5|SnH\\\P٫j]9\\4\n(4R8J\nڅ\;\\\yWƘak\nf\n\\\\^S	e:\"@\fGu\jzD\'j)\\nߐPB\널^)^5{9\@+1\n\-\\\\)?ّeڀd\1\Lw[]\\\rd#vua4\";dd\\H@E^ozw۩w[\r\\#rI),\d\s\/x/\`\\neDh\+z^t\m\3\\\\f\<G\\\\9![˖\\QR#ԡ\\\rVl\\~]/_ mN@\\O6Z\\c߹V\t*\,쌔lqLijkG@R\l~\\)bGyAj}bf7;Wōrqn\\cT\0Qr#ggN+!f\|PͿ3\\'Mh_I\ƹߴYm=8Kǒq\%&p\\\yCt\-ZE=\eHbW9矩\yqw\r䱾I\Z\\POd/ߦ\-\^K\K\W\\\굯/jr쮤\A\4\`Ϡ+V\tP\+gJ\\SA;\\y#\=$fz\g\>MDh\osn\\\OU\\'4]=Cw\\`K\U*z?\r\eL!S[ۘf0`\~SPt[5I!\*\\b\\<[\5q\56DkNS듯\[0\\\\͂N[-.8FjS@-4ӿ\"\\Z\dA.+.8-\<rws=DV<>3ʊN\ـkιĆ=6\\\\ \"c?\Ҟ\\Rk\Pi\\v70sz\Qf\垕z0?\!\ˏ)Y*4ӤF\\ms=&8ӆ{2\r\\MbQsvFm?|׷-Zѵđ7#`\\r!\OX^:8t\Z\\U\QaȻ}P~\`.\\\Ry}\Czy\\n#5E57LwaW\\+ \\Kr\\cĚ{\.\E.R\,\\\0\\\hdyJ{:\q{\]}\YZ\)\֊Q7]/T#\AB\,\4\"\b@?7[ta\\\"h^!ש/\U&\=1;xeɡ;V\,\{\xҥ\r\"{O\\\A|W\	B\r\机\Z\\nn@$\\\i\\\!py8CͰ4\n\R(\׺r\\C=K~f\"\ZF>\1љir0s\jڟ\=(U\0;r\"+\Z(c܍eV\\*)\"%VQ9Idt2^X\\ ]d\6T\0S܃k\.[,D~BtV\E֍\Aƶl\u\0\\в-n\\}\\]e#lgaE+u_~KIq\%5F\\fJI~\^\\FAZ\Z{\\\^\8{9j\'\\_B=U%	=n\3<c\'D\=,>	b*Ѵ3&\\n\\\Ncwܓ:\\$\\\\\w\%9uD\[rz;5b3*I\?7)\O*	\78[eYkd\B2=\we:\'\Q#\\'S\6zo\):,5\cǲ=¸3\\\\n\\\H\a0\ss{\\\=T\!wT檺My\n~T\ע0k\Π\XN4\\aѳS\%$aBF\+\\[`Ǣ,>&e(1\hAKt\C{5+kh*x\n̂\YlE-\ո\+\'&\\@Z׋\|A\ZQ	VA\\ɰsO\>_;\\\\z\!+\%\\|\0Mݓ3\\,x\?˒\n\\Z?P)ȡb\=\/Oa_[\r;\N \g;\u-24\EJ{\/6\\\\|̬Qy\V/	\#0P}̒\\\ru7@\=/+F/ת\Z4T\>\"nZ\Rp{0Qԑ\_\)@\\6o[\\dk=RĴt\/]\\\\hN!\rP]| 9f\\5JpGjAft\\(\\=\\F79j:s#.\0\\ы#I~Wv,?!,Jx\r00\S|ܓ\XķI\0	\\|\Ul\\\*?5Ĝp\(K%\v\e3HJDZ;\)0q\\0j\L^:OFR~[/v\\0\0\0\0\0\0\0\0\0\0\0\0\0','Inmaculada','{bcrypt}$2a$10$fUCb4CI/xxNT3qHBHUFTKeRb4heqIrA1N5.7V2mTxmD6n9VPL1SJm','Mujer',666777999,'InmCar120'),('Docente',27,'Rajoy','56754320A','m.rajoy@gmail.com','2023-04-08 00:00:00.000000',_binary 'RIFF%\0\0WEBPVP8 %\0\0P\\0*\X>Q(F#\"Rp\n	gn4\@\\\\y5#o\;`y\\'\bE\\\GW\_P_\\\c\~\\/\P\\~|3c\o\\\\?\\\\/\_\{f<\\O(w\_\{_\z)ܮpOG/W_\\\?m?`鿬P\\\W\\_\\\9}ݷ7,}{\\/p^\{\\/p^\{\\/p^ཿE|/p^\{%X\\>\20kB/3(<\"\\\!C0}\\\\\\u\f3\S\\*\\\1M>\׌̒y3f\\\\\prhLl40[߽\n\\IZ\\b\w\\\\ɠaR\ZG\\dY\\E\Zj\ԟbk\\Q\/߸뻆\<b\$\^<<?7Le㫐20W\\q7\\\\z|Mxu\h\BO\j\nu^?_1\0\\x\T$+X\\}\\\[C\-\jep\0\fڑ\b\'\_DCWT\}A\&\I;t5E\=\!\$U\"\'\Ù1\\\\:l,90$o[J\?\~s:)ά\0wm\'-:\\u}Nw\Ůe\\\n\d.[\"JI\0b\\X\\t\V7?\u\\\e>+T*\2Z\h\x\\\r<\ff\\\$֠C0yy`,/o#J\,~DΑ\&\r\\\")#at\ӇCRu~i<_L\\g\1n/\m+&\zAwFu*\e(g&\[\X륊|\\[\OC/\\{NG;,\~,BYPȲ9ma|Iύ\\\LY~\0\w\3_t\\\|˰96.ζ`b\,aq\\f8\ִVal\Z|q^8o\{OZOC0(D|\\Ce;\g=\V5h-\0V\D\\q>&`\Y*d\/e\82,y\\\æ\o\\\&L\_B`\0!^\\j3\fc,\%6H`[h\\5\\0;j(\Jy\nMFu~w\\S\fyS>\׋w\/u\\\\\\r5db\_Of%\\4L?V\#\{S\\'\0\!Z߈\B4gmgAi@(-\j\̂;7\ \kW\Ic/_@\".ѽE`\[2\B\w|D# {y|\t\'*B9@fo\~r!(\r^\HucƓrEE\EuL9\\\t\Y3 wP\\\\\\C;ξ\\\$ 1\\\/pbp\\rp	F~QX\IgQ,\h\3jv\\\H0\*zQ׼D:ys^;~v a\씤j ,~~+DD\\zUx2O*\Կ}{\\n\\\\{e\r\\pw3bߥ\ib\\/p^\\]C0a\3f\!C0a\3f\!C0a\3f\!\0\0\0\0\0\0\0\@B3\@ =@\0QV\/63$4\W\\^̾-+j\\D\*\n\o\\P6!%2\uh\oi`!|	aK[raj\R\~\\S$y\c,7i.\\o2\45W#\0\I\&,\"hxI\oC\W	\\ٮR3^\Q\\Z)a\\g5\\0\n\\ɘi\rP8\g\w#\~>00\6[z;)b\lGt\Fh_CgS߁,]QFF\<k\n\t\>?|\.pρT|\iI\0	3ҍG\n\Z|B	6N\7ti%\\K9\	 s\r\'\R\¾M\ۉ<\m\\\]r.\\\'%\\\\Ugsr\\ڽ\Q\aO^>ȍ@ǡ8n@t\Zh\*[\!yY\Y\7\8	\̃|\\{mNR\'@δg%e\N7SG pPS/\\(li\\wqS\0e;1\\%\\\\KeQ<C\'\\o\Qzr돠\\Y6,ko8$S8.V:kn\wq\np9ģX\#\_b\\0rQtAAcA{\\r\\j*\5NyEu}+\L\aۉ}om\>؆\я[BMcz٤u+m\3àL\XB\oM\ݰJ@h˫{;O\oR4(3i0\w]OvdIc\\\ y\\?\\\\ZL\\0wpv[O\:`x̼Snio(\Ȧ\d`_\pπ1K!DPP\2)\\\Z\\nVz<0W0ߨ4\\\\\L\PDp:WE4:(O}Yǫ[տLNJ0St*F(،\1\\'\b{ݧ&+g\CPwt]\\"jO\\0\\XP\f\Z\`\\ɝ\\]\n\ZF4CcIqf73wٙ~n8\$ī5>f>@\w\X\݆TP90\\\pY\ْ\	\)Y\\\,5u\Z\V^d`ؽ\I9\/Nl;>>suy\6+S-\IYHKg_[o\؝@\\?&:S\\\0/;:\0\@;Z&\\,s8\55\z\;QIoahj\f\\X,{fw\\3X\b\fP\\Z\})yuKV\\ڥ~Fn\'+)\|]\ 붔\PSb\\~`\uȎ\>Jҋ\B>Kyjo\b\V(!&\ן<^!	^\R1\nc$	q{ь[mo\\ר\\rr	j\V[(ëe&\\P~\\C$ZNGg\\1\\Yw\U\j\\q9@\loK@Xo\Ry؈N%\\l\\\d\鯟p\ͨœ\(	ۄYm|Nۢ\\5E\ZtϨMVp.7k\\\)\'s˰3=¬t\U6\$y\\ٽcԷ\r=Bw˜>X9,n]?$ӖS\n\"f2ewv[\8{\rR\\^FuѪ\\ԟYRv\"\\\Fkw)>{\5\\+ބfK6\h}\CP\W\0\'	\i\8b-\v\"	Bwr>}+\r3\8^hi\'\nj\\\\6\ZNih9_P\\\\8\b\!u\ȼ\ Ɨ\dneqōĮOE>\0i\}\wY\)\\FB\8t\\=w&:Lr5\y\wxK$:޺;^9\ZVni~6aWt\0,\\;w]צ\\K8+y+\Sy\\\č6ZOpixֽ)bFt\u\\\}b°0kyH\MK䵧ѕ\\\S\\a\'ӯN6\\E/X\/|\<P\)4:Q1\\\\n#\>\6%f(\n|X\+\y\w\KH57+4\\\ٯ\z\nյ\Hr\")\1XZ9I\\In\@-Ւ\n?]\H4`\7(\8Kp\cVIp\k]-D\x7&3\-He$|\`\#3Е}TBa\\ҟۂ\\\o\ӧ\\C3_\\x	k<_N\nM\巻^hpuq\ؼ+!S)sG5kC\W_e/X\\'Jc\]\RpHj?r|j)ù\jEƄ܏dUIn\>>-uʢ\\78\n\\\\Qvf\g~yX\8Y/CH\6QпϰtL:6(=#D\n\\4Ne\\w%\B\R}ڶ\Om\}\f\\)\+,򇳃\^KҦ!t\ZW\\wvP\e|\\0\\3R}={84)o:$~F`ꌠ*\\e0{Z\޷\{p\1Z\lp=\";JcB0Udݺ\|\\\-%\\0U\5ć܄\aW\\\~(=\oζI.\)\le1!\\r r\ؑ)k.r	xpy劙û\\JtA\\{\D\\h)\ps$>\z\Z}$~M\\\>\\\ fzJ|:J\8;G͠K*\t&X\'\1gcM>\kJ\\"Jbe_[\\\\G\rS\r&FN7z\83B5໿CbM\\ɍ\\w~\\I\\f\\\\\|N`T+Lm\\~\K~^ʓ\E\\\0&\OW\Da|^k|c]\mN\uy?\{\\Wz\L5,j\sN\9\<\q\D\lB<l\ |HxW=g\rدKL7m-\\w}SD\+<A\Zdcg\^OV|\]}\әŰf?=wLR\Z>X*=%\ hʉZ˥\?Y0-\Z߭\<@N\PLan\\0Δ5\0\'U\'s\/\b\\QrF\.Q:H	>Hr\'UqxlGI\nSѧ+\\q\wv\\\\\k@MֵLKdmg\\[\0\\\.]vZ=@o{9\$\BA\!\n{Hk#G\83/\z\j\pC\\	\\\5\{<\qʙ2E\\\`W[Z	\'[N#抈~&\*biN\l&\ \\18>N\Rŉ\12>\_è\'\nG/BX}\9A\\\\ܨR!E8\;ke9b[&cܱ\g\\n\3/(e1\#\ؙb/\FƐͳ\0(\jj\YyJY\)~ӛ\r\\>#G\y\$o7r\K̪f\n2ꉠ\g\7}Ll=?}/i	?&?\Ew@Q7\*Vݪ3\[llH\ghs\0i+ɦ&\]̚y\A\n=_ԓ\2nb3\fx0\J\$\0N@\uh\\\18$\-\8S6\tyr0\VU\e\@Q)\0#eƎ\S{=ͻ	#Ζ3Q4}\\\\wu`\F\C\\n\ŵ2\Z<[\)}W\\6\=c?7\9\\l&\ϔ\\5W\u\\\Ii+w`3ץh\r%\<\r\\ޝ\{,M\\\נ|\SX\\\',\\\!+y\0N\\\`#\n2˜\\Cau\|발))\Z\mdc{S	R\\\(3z\]\T\Z5\2\\\ne\Z%V1~\\r=x)!\:WXA{xI\0Z\p\5G4\m\\Z\eS\\@Z|T\\ս\\R`l/Bð΀UE䐋\\nW.\A\Cc3_;\`#\\\mG\Lzc\'Re=z.\+ա\"\Z1N3 \\ȼ\N&M\>-%\B=d\\)\`mioi\H=l\rvrm$\\)ݙ\؈\\ @M\z%4\06\PO\\g\nd7[\x;!\gB{#דJ\\\\\5jPD\rWQ[_й@994{\j7\\;@$G\i\M1j\r\'a\\"4\ZnCW|\'&\\\{h(.8\4me[(Iy\&l\m\\r̀\\۾\ks\\_\\)k[r\9\"+W\r\\{ \"`g8*ba7RZ\\-y\R\\-G\\Z\\rW[O&JV㦻Jv\֞^w\UBݎc&\|te\y\\#ҺZ\\\Dk<\\\0\;\\	\"ΏJ^o\B	`R\b\7\*0Z\\2\\`互I=R\\)\u;\io#\Z\\.tN\>7\>M\n,I\\\`\'Q\\VHSrc%	\\%Q~\smG\\~\*`\J<=\\5\/\\\OS\\\@\ \#&H\m;\\홟\p\\iR|^?:n&\r\cÿ\~Fji$Ba<>c\WC\Z{>#\"p*$1m穛i\!}wƦ~j\e\'\;\4`ʓҷ(vG\\BEJY\\0\"5\\z}۔߈px\x̓1U\'\ m>.(1\9\lپپ;8&3	}4\,+zؓ\M\IEPDK\\\bx*\׈\z_ƞCBmAuN)&؏J\ݏ\Zlk9/K&ёrU$	8ȝw=x\ZW\]tm\.@XXc00	ŷb0\\4\`	\Ď7O9t\\lObX\"\Hx\\u\\\0hW\"_\\~N=/wrǟLL\\^\\Έ%a2ֳ恤8\\n\φE<SEfm0-7O6C\\c1%8+T\\!\g|\':*]mm\rk-jLj8؀w>}TS-\p\\V\*N.\\g\ٞ>\p\v\\)\\\9Lө\=i0zUtKHV/ѽ)	xHR#\\\\j\\ќlpy\\Q#g!\\Zw_\o\\۔\$\-Ynjv-xӺ\\l\{+\#lM.\Fqő\(\G\nǭa7NxJ\{q|\0\W=@4\\nﺚF\I}	AVw	\m\bEN\\{\͖\\ސ\\Q\m\M{H\P6L*k*;g#\STw\Jh,`\\\\Z|\IC@c+{a]1q^\O\eFGg)\q5|SnH\\\P٫j]9\\4\n(4R8J\nڅ\;\\\yWƘak\nf\n\\\\^S	e:\"@\fGu\jzD\'j)\\nߐPB\널^)^5{9\@+1\n\-\\\\)?ّeڀd\1\Lw[]\\\rd#vua4\";dd\\H@E^ozw۩w[\r\\#rI),\d\s\/x/\`\\neDh\+z^t\m\3\\\\f\<G\\\\9![˖\\QR#ԡ\\\rVl\\~]/_ mN@\\O6Z\\c߹V\t*\,쌔lqLijkG@R\l~\\)bGyAj}bf7;Wōrqn\\cT\0Qr#ggN+!f\|PͿ3\\'Mh_I\ƹߴYm=8Kǒq\%&p\\\yCt\-ZE=\eHbW9矩\yqw\r䱾I\Z\\POd/ߦ\-\^K\K\W\\\굯/jr쮤\A\4\`Ϡ+V\tP\+gJ\\SA;\\y#\=$fz\g\>MDh\osn\\\OU\\'4]=Cw\\`K\U*z?\r\eL!S[ۘf0`\~SPt[5I!\*\\b\\<[\5q\56DkNS듯\[0\\\\͂N[-.8FjS@-4ӿ\"\\Z\dA.+.8-\<rws=DV<>3ʊN\ـkιĆ=6\\\\ \"c?\Ҟ\\Rk\Pi\\v70sz\Qf\垕z0?\!\ˏ)Y*4ӤF\\ms=&8ӆ{2\r\\MbQsvFm?|׷-Zѵđ7#`\\r!\OX^:8t\Z\\U\QaȻ}P~\`.\\\Ry}\Czy\\n#5E57LwaW\\+ \\Kr\\cĚ{\.\E.R\,\\\0\\\hdyJ{:\q{\]}\YZ\)\֊Q7]/T#\AB\,\4\"\b@?7[ta\\\"h^!ש/\U&\=1;xeɡ;V\,\{\xҥ\r\"{O\\\A|W\	B\r\机\Z\\nn@$\\\i\\\!py8CͰ4\n\R(\׺r\\C=K~f\"\ZF>\1љir0s\jڟ\=(U\0;r\"+\Z(c܍eV\\*)\"%VQ9Idt2^X\\ ]d\6T\0S܃k\.[,D~BtV\E֍\Aƶl\u\0\\в-n\\}\\]e#lgaE+u_~KIq\%5F\\fJI~\^\\FAZ\Z{\\\^\8{9j\'\\_B=U%	=n\3<c\'D\=,>	b*Ѵ3&\\n\\\Ncwܓ:\\$\\\\\w\%9uD\[rz;5b3*I\?7)\O*	\78[eYkd\B2=\we:\'\Q#\\'S\6zo\):,5\cǲ=¸3\\\\n\\\H\a0\ss{\\\=T\!wT檺My\n~T\ע0k\Π\XN4\\aѳS\%$aBF\+\\[`Ǣ,>&e(1\hAKt\C{5+kh*x\n̂\YlE-\ո\+\'&\\@Z׋\|A\ZQ	VA\\ɰsO\>_;\\\\z\!+\%\\|\0Mݓ3\\,x\?˒\n\\Z?P)ȡb\=\/Oa_[\r;\N \g;\u-24\EJ{\/6\\\\|̬Qy\V/	\#0P}̒\\\ru7@\=/+F/ת\Z4T\>\"nZ\Rp{0Qԑ\_\)@\\6o[\\dk=RĴt\/]\\\\hN!\rP]| 9f\\5JpGjAft\\(\\=\\F79j:s#.\0\\ы#I~Wv,?!,Jx\r00\S|ܓ\XķI\0	\\|\Ul\\\*?5Ĝp\(K%\v\e3HJDZ;\)0q\\0j\L^:OFR~[/v\\0\0\0\0\0\0\0\0\0\0\0\0\0','Mariano','{bcrypt}$2a$10$W234dloPmCzOrB95R0m0ne7cQfVxbCNB30NWVtBFS/nuDkWfpwxv2','Otro',666555444,'MarRaj320'),('Docente',28,'Aranda Medina','32124534H','sergilol01@hotmail.com','2023-05-09 00:00:00.000000',_binary 'RIFF%\0\0WEBPVP8 %\0\0P\\0*\X>Q(F#\"Rp\n	gn4\@\\\\y5#o\;`y\\'\bE\\\GW\_P_\\\c\~\\/\P\\~|3c\o\\\\?\\\\/\_\{f<\\O(w\_\{_\z)ܮpOG/W_\\\?m?`鿬P\\\W\\_\\\9}ݷ7,}{\\/p^\{\\/p^\{\\/p^ཿE|/p^\{%X\\>\20kB/3(<\"\\\!C0}\\\\\\u\f3\S\\*\\\1M>\׌̒y3f\\\\\prhLl40[߽\n\\IZ\\b\w\\\\ɠaR\ZG\\dY\\E\Zj\ԟbk\\Q\/߸뻆\<b\$\^<<?7Le㫐20W\\q7\\\\z|Mxu\h\BO\j\nu^?_1\0\\x\T$+X\\}\\\[C\-\jep\0\fڑ\b\'\_DCWT\}A\&\I;t5E\=\!\$U\"\'\Ù1\\\\:l,90$o[J\?\~s:)ά\0wm\'-:\\u}Nw\Ůe\\\n\d.[\"JI\0b\\X\\t\V7?\u\\\e>+T*\2Z\h\x\\\r<\ff\\\$֠C0yy`,/o#J\,~DΑ\&\r\\\")#at\ӇCRu~i<_L\\g\1n/\m+&\zAwFu*\e(g&\[\X륊|\\[\OC/\\{NG;,\~,BYPȲ9ma|Iύ\\\LY~\0\w\3_t\\\|˰96.ζ`b\,aq\\f8\ִVal\Z|q^8o\{OZOC0(D|\\Ce;\g=\V5h-\0V\D\\q>&`\Y*d\/e\82,y\\\æ\o\\\&L\_B`\0!^\\j3\fc,\%6H`[h\\5\\0;j(\Jy\nMFu~w\\S\fyS>\׋w\/u\\\\\\r5db\_Of%\\4L?V\#\{S\\'\0\!Z߈\B4gmgAi@(-\j\̂;7\ \kW\Ic/_@\".ѽE`\[2\B\w|D# {y|\t\'*B9@fo\~r!(\r^\HucƓrEE\EuL9\\\t\Y3 wP\\\\\\C;ξ\\\$ 1\\\/pbp\\rp	F~QX\IgQ,\h\3jv\\\H0\*zQ׼D:ys^;~v a\씤j ,~~+DD\\zUx2O*\Կ}{\\n\\\\{e\r\\pw3bߥ\ib\\/p^\\]C0a\3f\!C0a\3f\!C0a\3f\!\0\0\0\0\0\0\0\@B3\@ =@\0QV\/63$4\W\\^̾-+j\\D\*\n\o\\P6!%2\uh\oi`!|	aK[raj\R\~\\S$y\c,7i.\\o2\45W#\0\I\&,\"hxI\oC\W	\\ٮR3^\Q\\Z)a\\g5\\0\n\\ɘi\rP8\g\w#\~>00\6[z;)b\lGt\Fh_CgS߁,]QFF\<k\n\t\>?|\.pρT|\iI\0	3ҍG\n\Z|B	6N\7ti%\\K9\	 s\r\'\R\¾M\ۉ<\m\\\]r.\\\'%\\\\Ugsr\\ڽ\Q\aO^>ȍ@ǡ8n@t\Zh\*[\!yY\Y\7\8	\̃|\\{mNR\'@δg%e\N7SG pPS/\\(li\\wqS\0e;1\\%\\\\KeQ<C\'\\o\Qzr돠\\Y6,ko8$S8.V:kn\wq\np9ģX\#\_b\\0rQtAAcA{\\r\\j*\5NyEu}+\L\aۉ}om\>؆\я[BMcz٤u+m\3àL\XB\oM\ݰJ@h˫{;O\oR4(3i0\w]OvdIc\\\ y\\?\\\\ZL\\0wpv[O\:`x̼Snio(\Ȧ\d`_\pπ1K!DPP\2)\\\Z\\nVz<0W0ߨ4\\\\\L\PDp:WE4:(O}Yǫ[տLNJ0St*F(،\1\\'\b{ݧ&+g\CPwt]\\"jO\\0\\XP\f\Z\`\\ɝ\\]\n\ZF4CcIqf73wٙ~n8\$ī5>f>@\w\X\݆TP90\\\pY\ْ\	\)Y\\\,5u\Z\V^d`ؽ\I9\/Nl;>>suy\6+S-\IYHKg_[o\؝@\\?&:S\\\0/;:\0\@;Z&\\,s8\55\z\;QIoahj\f\\X,{fw\\3X\b\fP\\Z\})yuKV\\ڥ~Fn\'+)\|]\ 붔\PSb\\~`\uȎ\>Jҋ\B>Kyjo\b\V(!&\ן<^!	^\R1\nc$	q{ь[mo\\ר\\rr	j\V[(ëe&\\P~\\C$ZNGg\\1\\Yw\U\j\\q9@\loK@Xo\Ry؈N%\\l\\\d\鯟p\ͨœ\(	ۄYm|Nۢ\\5E\ZtϨMVp.7k\\\)\'s˰3=¬t\U6\$y\\ٽcԷ\r=Bw˜>X9,n]?$ӖS\n\"f2ewv[\8{\rR\\^FuѪ\\ԟYRv\"\\\Fkw)>{\5\\+ބfK6\h}\CP\W\0\'	\i\8b-\v\"	Bwr>}+\r3\8^hi\'\nj\\\\6\ZNih9_P\\\\8\b\!u\ȼ\ Ɨ\dneqōĮOE>\0i\}\wY\)\\FB\8t\\=w&:Lr5\y\wxK$:޺;^9\ZVni~6aWt\0,\\;w]צ\\K8+y+\Sy\\\č6ZOpixֽ)bFt\u\\\}b°0kyH\MK䵧ѕ\\\S\\a\'ӯN6\\E/X\/|\<P\)4:Q1\\\\n#\>\6%f(\n|X\+\y\w\KH57+4\\\ٯ\z\nյ\Hr\")\1XZ9I\\In\@-Ւ\n?]\H4`\7(\8Kp\cVIp\k]-D\x7&3\-He$|\`\#3Е}TBa\\ҟۂ\\\o\ӧ\\C3_\\x	k<_N\nM\巻^hpuq\ؼ+!S)sG5kC\W_e/X\\'Jc\]\RpHj?r|j)ù\jEƄ܏dUIn\>>-uʢ\\78\n\\\\Qvf\g~yX\8Y/CH\6QпϰtL:6(=#D\n\\4Ne\\w%\B\R}ڶ\Om\}\f\\)\+,򇳃\^KҦ!t\ZW\\wvP\e|\\0\\3R}={84)o:$~F`ꌠ*\\e0{Z\޷\{p\1Z\lp=\";JcB0Udݺ\|\\\-%\\0U\5ć܄\aW\\\~(=\oζI.\)\le1!\\r r\ؑ)k.r	xpy劙û\\JtA\\{\D\\h)\ps$>\z\Z}$~M\\\>\\\ fzJ|:J\8;G͠K*\t&X\'\1gcM>\kJ\\"Jbe_[\\\\G\rS\r&FN7z\83B5໿CbM\\ɍ\\w~\\I\\f\\\\\|N`T+Lm\\~\K~^ʓ\E\\\0&\OW\Da|^k|c]\mN\uy?\{\\Wz\L5,j\sN\9\<\q\D\lB<l\ |HxW=g\rدKL7m-\\w}SD\+<A\Zdcg\^OV|\]}\әŰf?=wLR\Z>X*=%\ hʉZ˥\?Y0-\Z߭\<@N\PLan\\0Δ5\0\'U\'s\/\b\\QrF\.Q:H	>Hr\'UqxlGI\nSѧ+\\q\wv\\\\\k@MֵLKdmg\\[\0\\\.]vZ=@o{9\$\BA\!\n{Hk#G\83/\z\j\pC\\	\\\5\{<\qʙ2E\\\`W[Z	\'[N#抈~&\*biN\l&\ \\18>N\Rŉ\12>\_è\'\nG/BX}\9A\\\\ܨR!E8\;ke9b[&cܱ\g\\n\3/(e1\#\ؙb/\FƐͳ\0(\jj\YyJY\)~ӛ\r\\>#G\y\$o7r\K̪f\n2ꉠ\g\7}Ll=?}/i	?&?\Ew@Q7\*Vݪ3\[llH\ghs\0i+ɦ&\]̚y\A\n=_ԓ\2nb3\fx0\J\$\0N@\uh\\\18$\-\8S6\tyr0\VU\e\@Q)\0#eƎ\S{=ͻ	#Ζ3Q4}\\\\wu`\F\C\\n\ŵ2\Z<[\)}W\\6\=c?7\9\\l&\ϔ\\5W\u\\\Ii+w`3ץh\r%\<\r\\ޝ\{,M\\\נ|\SX\\\',\\\!+y\0N\\\`#\n2˜\\Cau\|발))\Z\mdc{S	R\\\(3z\]\T\Z5\2\\\ne\Z%V1~\\r=x)!\:WXA{xI\0Z\p\5G4\m\\Z\eS\\@Z|T\\ս\\R`l/Bð΀UE䐋\\nW.\A\Cc3_;\`#\\\mG\Lzc\'Re=z.\+ա\"\Z1N3 \\ȼ\N&M\>-%\B=d\\)\`mioi\H=l\rvrm$\\)ݙ\؈\\ @M\z%4\06\PO\\g\nd7[\x;!\gB{#דJ\\\\\5jPD\rWQ[_й@994{\j7\\;@$G\i\M1j\r\'a\\"4\ZnCW|\'&\\\{h(.8\4me[(Iy\&l\m\\r̀\\۾\ks\\_\\)k[r\9\"+W\r\\{ \"`g8*ba7RZ\\-y\R\\-G\\Z\\rW[O&JV㦻Jv\֞^w\UBݎc&\|te\y\\#ҺZ\\\Dk<\\\0\;\\	\"ΏJ^o\B	`R\b\7\*0Z\\2\\`互I=R\\)\u;\io#\Z\\.tN\>7\>M\n,I\\\`\'Q\\VHSrc%	\\%Q~\smG\\~\*`\J<=\\5\/\\\OS\\\@\ \#&H\m;\\홟\p\\iR|^?:n&\r\cÿ\~Fji$Ba<>c\WC\Z{>#\"p*$1m穛i\!}wƦ~j\e\'\;\4`ʓҷ(vG\\BEJY\\0\"5\\z}۔߈px\x̓1U\'\ m>.(1\9\lپپ;8&3	}4\,+zؓ\M\IEPDK\\\bx*\׈\z_ƞCBmAuN)&؏J\ݏ\Zlk9/K&ёrU$	8ȝw=x\ZW\]tm\.@XXc00	ŷb0\\4\`	\Ď7O9t\\lObX\"\Hx\\u\\\0hW\"_\\~N=/wrǟLL\\^\\Έ%a2ֳ恤8\\n\φE<SEfm0-7O6C\\c1%8+T\\!\g|\':*]mm\rk-jLj8؀w>}TS-\p\\V\*N.\\g\ٞ>\p\v\\)\\\9Lө\=i0zUtKHV/ѽ)	xHR#\\\\j\\ќlpy\\Q#g!\\Zw_\o\\۔\$\-Ynjv-xӺ\\l\{+\#lM.\Fqő\(\G\nǭa7NxJ\{q|\0\W=@4\\nﺚF\I}	AVw	\m\bEN\\{\͖\\ސ\\Q\m\M{H\P6L*k*;g#\STw\Jh,`\\\\Z|\IC@c+{a]1q^\O\eFGg)\q5|SnH\\\P٫j]9\\4\n(4R8J\nڅ\;\\\yWƘak\nf\n\\\\^S	e:\"@\fGu\jzD\'j)\\nߐPB\널^)^5{9\@+1\n\-\\\\)?ّeڀd\1\Lw[]\\\rd#vua4\";dd\\H@E^ozw۩w[\r\\#rI),\d\s\/x/\`\\neDh\+z^t\m\3\\\\f\<G\\\\9![˖\\QR#ԡ\\\rVl\\~]/_ mN@\\O6Z\\c߹V\t*\,쌔lqLijkG@R\l~\\)bGyAj}bf7;Wōrqn\\cT\0Qr#ggN+!f\|PͿ3\\'Mh_I\ƹߴYm=8Kǒq\%&p\\\yCt\-ZE=\eHbW9矩\yqw\r䱾I\Z\\POd/ߦ\-\^K\K\W\\\굯/jr쮤\A\4\`Ϡ+V\tP\+gJ\\SA;\\y#\=$fz\g\>MDh\osn\\\OU\\'4]=Cw\\`K\U*z?\r\eL!S[ۘf0`\~SPt[5I!\*\\b\\<[\5q\56DkNS듯\[0\\\\͂N[-.8FjS@-4ӿ\"\\Z\dA.+.8-\<rws=DV<>3ʊN\ـkιĆ=6\\\\ \"c?\Ҟ\\Rk\Pi\\v70sz\Qf\垕z0?\!\ˏ)Y*4ӤF\\ms=&8ӆ{2\r\\MbQsvFm?|׷-Zѵđ7#`\\r!\OX^:8t\Z\\U\QaȻ}P~\`.\\\Ry}\Czy\\n#5E57LwaW\\+ \\Kr\\cĚ{\.\E.R\,\\\0\\\hdyJ{:\q{\]}\YZ\)\֊Q7]/T#\AB\,\4\"\b@?7[ta\\\"h^!ש/\U&\=1;xeɡ;V\,\{\xҥ\r\"{O\\\A|W\	B\r\机\Z\\nn@$\\\i\\\!py8CͰ4\n\R(\׺r\\C=K~f\"\ZF>\1љir0s\jڟ\=(U\0;r\"+\Z(c܍eV\\*)\"%VQ9Idt2^X\\ ]d\6T\0S܃k\.[,D~BtV\E֍\Aƶl\u\0\\в-n\\}\\]e#lgaE+u_~KIq\%5F\\fJI~\^\\FAZ\Z{\\\^\8{9j\'\\_B=U%	=n\3<c\'D\=,>	b*Ѵ3&\\n\\\Ncwܓ:\\$\\\\\w\%9uD\[rz;5b3*I\?7)\O*	\78[eYkd\B2=\we:\'\Q#\\'S\6zo\):,5\cǲ=¸3\\\\n\\\H\a0\ss{\\\=T\!wT檺My\n~T\ע0k\Π\XN4\\aѳS\%$aBF\+\\[`Ǣ,>&e(1\hAKt\C{5+kh*x\n̂\YlE-\ո\+\'&\\@Z׋\|A\ZQ	VA\\ɰsO\>_;\\\\z\!+\%\\|\0Mݓ3\\,x\?˒\n\\Z?P)ȡb\=\/Oa_[\r;\N \g;\u-24\EJ{\/6\\\\|̬Qy\V/	\#0P}̒\\\ru7@\=/+F/ת\Z4T\>\"nZ\Rp{0Qԑ\_\)@\\6o[\\dk=RĴt\/]\\\\hN!\rP]| 9f\\5JpGjAft\\(\\=\\F79j:s#.\0\\ы#I~Wv,?!,Jx\r00\S|ܓ\XķI\0	\\|\Ul\\\*?5Ĝp\(K%\v\e3HJDZ;\)0q\\0j\L^:OFR~[/v\\0\0\0\0\0\0\0\0\0\0\0\0\0','Sergio','{bcrypt}$2a$10$0.FZ.yr/viU2IZJiDzQWXO3.aiaLo9zAxVhmbpA12VK.YReTz6NUu','Hombre',333222444,'SerAra534');
/*!40000 ALTER TABLE `usuario` ENABLE KEYS */;
UNLOCK TABLES;

--
-- Dumping events for database 'academy'
--

--
-- Dumping routines for database 'academy'
--
/*!40103 SET TIME_ZONE=@OLD_TIME_ZONE */;

/*!40101 SET SQL_MODE=@OLD_SQL_MODE */;
/*!40014 SET FOREIGN_KEY_CHECKS=@OLD_FOREIGN_KEY_CHECKS */;
/*!40014 SET UNIQUE_CHECKS=@OLD_UNIQUE_CHECKS */;
/*!40101 SET CHARACTER_SET_CLIENT=@OLD_CHARACTER_SET_CLIENT */;
/*!40101 SET CHARACTER_SET_RESULTS=@OLD_CHARACTER_SET_RESULTS */;
/*!40101 SET COLLATION_CONNECTION=@OLD_COLLATION_CONNECTION */;
/*!40111 SET SQL_NOTES=@OLD_SQL_NOTES */;

-- Dump completed on 2023-06-20 14:36:21
